Nombre completo,Lugar de nacimiento (país),Nacionalidad,Posición principal,Club actual,Proveedor,Fin de contrato,Fecha de fichaje,comprado_por,overallrating,shotpower,gk_kicking,gk_reflexes,gk_diving,gk_handling,gk_positioning,reactions,longshots,ballcontrol,volleys,positioning,finishing,potential,crossing,Valor de mercado actual (numérico),Cluster,Valor_Predicho
Stefan Ortega Moreno,1.0,17,3,54,6.0,30/06/2026,01/07/2022,-0.2162895096668798,0.965190056835432,-0.0586599090849913,3.512009557389456,3.026729209542143,2.9113772062711174,2.981113605816123,3.065294304770932,0.6679278784581544,-1.9242450968128373,-1.4394720151542155,-1.7434944669090149,3.065294304770932,-1.704158370576561,0.33943889402701,-1.9196725210611232,9000000.0,1,5361836.477835014
Harvey Peter Davies,46.0,196,3,53,,30/06/2025,01/07/2024,-0.6422074289171245,0.6189956318585909,0.9633810372671644,-0.5805420935203993,-0.5149655689685982,-0.3700990472611269,-0.3726291895544919,-0.1768716130181332,0.4069097933999971,1.256685986843052,0.659377513756231,0.6703262131178945,-0.1768716130181332,0.5324855866921104,1.5433126512161228,0.9822251387465696,500000.0,1,2281555.6073085414
Caoimhín Odhrán Kelleher,48.0,216,3,53,,30/06/2026,01/07/2019,,0.7920928443470114,-0.5303711150936786,3.153911287934843,2.9322840154485235,2.863120202542702,2.9310577431986515,2.967046852716717,0.6679278784581544,-2.1086468987639035,-1.6604035445132097,-1.94054105303366,2.967046852716717,-2.114970525993256,0.740730146423381,-2.1655960515533006,22000000.0,2,21758453.724194102
Vítězslav Jaroš,76.0,307,3,53,,30/06/2026,01/07/2022,-0.6615673343375902,-1.1119764930256149,-1.1593193897719285,2.591185435934738,2.3656128508868046,2.5253211764437946,2.5306108422588767,2.3775621403914333,-1.1591987169489462,-1.878144646325071,-2.1022666032311985,-1.6942328203778532,2.3775621403914333,-1.8867415507617589,-0.2624979845675464,-2.214780757651736,5000000.0,0,608731.1119205074
David Raya Martín,28.0,113,3,11,,30/06/2028,04/07/2024,2.0294595191071374,2.0037733317659554,-0.0586599090849913,3.563166453025829,3.2628421947761925,3.2491762323700253,3.2814487815209543,3.26178920887936,1.5814911761617043,-1.8320441958373044,-1.3290062504747182,-1.3986629411908846,3.26178920887936,-1.5215751903913637,1.7439582774143083,-2.214780757651736,40000000.0,2,24386749.71144237
Damián Emiliano Martínez Romero,5.0,45,3,12,14.0,30/06/2029,16/09/2020,,2.0037733317659554,-0.2158969777545538,3.4096957661167093,3.2628421947761925,3.20091922864161,3.2313929189034827,3.310912934906467,1.450982133632626,-1.7398432948617717,-1.3290062504747182,-1.7434944669090149,3.310912934906467,-1.6585125755302617,1.5433126512161228,-1.7229336966673812,25000000.0,2,24178149.73002565
Robin Patrick Olsen,85.0,330,3,12,6.0,30/06/2025,01/07/2022,-0.5260479963943305,-0.0733932180950914,-0.6876081837632411,3.000440601025724,2.6489484331676643,2.718349191357456,2.6307225674938204,2.868799400662504,-0.506653504303553,-1.8320441958373044,-2.709828308968433,-1.5957095273155304,2.868799400662504,-1.8867415507617589,-0.8644348631621029,-1.821303108864252,1500000.0,1,2861928.6846381323
Nicholas David Pope,46.0,196,3,57,,30/06/2026,01/07/2022,0.4806670854698842,1.311384481812273,-1.0020823211023655,2.6934992272074845,3.121174403635763,3.1044052211847792,3.2313929189034827,3.0161705787438247,0.798436920987233,-1.785943745349538,-2.3231981325901927,-1.6942328203778532,3.0161705787438247,-1.749804165622861,0.740730146423381,-2.2639654637501714,10000000.0,1,5445760.637762937
martin-dubravka,77.0,109,3,57,,30/06/2026,01/07/2018,-0.3711687530306051,0.4458984193701703,-0.5303711150936786,3.10275439229847,2.8850614184017136,2.8148631988142867,2.9310577431986515,2.8196756746353966,0.1458917083418399,-1.693742844374005,-1.881335073872204,-1.8420177599713368,2.8196756746353966,-1.9323873458080585,-0.2624979845675464,-2.214780757651736,1000000.0,1,4268568.750557281
Οδυσσέας Βλαχοδήμος,1.0,187,3,57,11.0,-,01/07/2024,-0.1388498879850171,-0.4195876430719326,-1.2379379241067094,2.488871644661992,2.507280642027234,2.6700921876290407,2.730834292728764,2.672304496554076,-0.2456354192453958,-1.7398432948617717,-2.4336638972696902,-1.6942328203778532,2.672304496554076,-1.84109575571546,-1.2657261155584738,-2.0672266393564294,7000000.0,1,2089759.0801645205
antonin-kinsky,76.0,307,3,95,,30/06/2031,05/01/2025,,0.0997039943933291,-0.6876081837632411,3.000440601025724,2.696171030214474,2.8148631988142867,2.9310577431986515,2.770551948608289,-0.506653504303553,-2.2008477997394365,-2.04703372089145,-1.9898026995648217,2.770551948608289,-2.114970525993256,0.5400845202251955,-2.1655960515533006,15000000.0,1,5588525.868384566
robert-sanchez,28.0,123,3,28,6.0,30/06/2030,05/08/2023,1.0227444372429229,0.6189956318585909,-0.7662267180980222,2.9492837053893504,2.837838821354904,2.9596342099995328,2.981113605816123,2.917923126689611,0.2764007508709185,-1.9242450968128373,-1.3290062504747182,-1.792756113440176,2.917923126689611,-1.84109575571546,0.1387932678288245,-2.1655960515533006,20000000.0,2,20818812.676212385
marcus-bettinelli,46.0,208,3,28,,30/06/2026,28/07/2021,,-0.7657820680487738,-1.0807008554371471,2.642342331571111,2.507280642027234,2.5253211764437946,2.6307225674938204,2.5740570444998614,-1.2897077594780246,-1.9242450968128373,-1.770869309192707,-1.792756113440176,2.5740570444998614,-1.84109575571546,-1.6670173679548448,-2.1655960515533006,800000.0,0,464837.68793870026
andre-onana,12.0,75,3,55,14.0,30/06/2028,20/07/2023,2.0294595191071374,1.311384481812273,-0.0586599090849913,3.512009557389456,3.121174403635763,3.1044052211847792,2.9310577431986515,3.0161705787438247,0.9289459635163116,-1.693742844374005,-1.494704897493964,-1.7434944669090149,3.0161705787438247,-1.84109575571546,0.740730146423381,-2.0672266393564294,32000000.0,2,22464145.108076036
altay-bayndr,88.0,349,3,55,,30/06/2027,01/09/2023,0.1709085987424335,0.2728012068817497,-1.0020823211023655,2.6934992272074845,2.8850614184017136,2.9113772062711174,2.730834292728764,2.868799400662504,-0.3761444617744744,-1.970345547300604,-2.82029407364793,-1.6449711738466917,2.868799400662504,-1.9323873458080585,-0.0618523583693609,-2.2639654637501714,10000000.0,1,4237486.884509399
Dean Bradley Henderson,46.0,196,3,30,,30/06/2028,31/08/2023,1.0227444372429229,0.965190056835432,-0.7662267180980222,2.9492837053893504,3.026729209542143,3.1044052211847792,2.9310577431986515,2.967046852716717,0.5374188359290758,-2.2008477997394365,-1.770869309192707,-2.1375876391583057,2.967046852716717,-1.9780331408543577,0.5400845202251955,-2.116411345454865,15000000.0,2,21890497.306970242
Matthew Charles Turner,29.0,134,3,30,,30/06/2025,30/08/2024,-0.3711687530306051,-0.0733932180950914,-1.2379379241067094,2.540028540298365,2.6489484331676643,2.718349191357456,2.730834292728764,2.7214282225811823,-0.1151263767163172,-1.6476423938862383,-2.378431014929941,-1.5957095273155304,2.7214282225811823,-1.704158370576561,-0.8644348631621029,-2.1655960515533006,4000000.0,1,2747555.875421033
Remi Luke Matthews,46.0,196,3,30,,30/06/2025,12/07/2021,-0.6538233721694039,-1.9774625554677177,-1.4737935271110532,2.284244062116499,2.129499865652756,2.2357791540733025,2.280331529171517,2.1810672362830053,-2.203271057181575,-1.5554414929107054,-2.212732367910696,-1.5957095273155304,2.1810672362830053,-1.704158370576561,-3.071536751342143,-2.2639654637501714,500000.0,0,156471.26120037131
Matz Willy Els Sels,11.0,67,3,58,,30/06/2027,01/02/2024,-0.1388498879850171,1.1382872693238526,-0.5303711150936786,3.153911287934843,2.9795066124953333,3.0561482174563634,3.0311694684335952,3.2126654828522527,0.9289459635163116,-1.6476423938862383,-1.881335073872204,-1.447924587722046,3.2126654828522527,-1.6585125755302617,0.5400845202251955,-2.018041933257994,7000000.0,1,5268860.083469245
carlos-miguel,8.0,60,3,58,6.0,30/06/2028,09/07/2024,-0.3711687530306051,-0.246490430583512,-1.0807008554371471,2.642342331571111,2.507280642027234,2.57357818017221,2.830946017963708,2.7214282225811823,-0.1151263767163172,-1.970345547300604,-2.709828308968433,-1.9898026995648217,2.7214282225811823,-2.114970525993256,-0.2624979845675464,-2.1655960515533006,4000000.0,1,3652841.2569489283
bart-verbruggen,69.0,275,3,23,,30/06/2028,03/07/2023,0.0934689770605708,0.6189956318585909,-0.6876081837632411,3.000440601025724,2.9795066124953333,2.9596342099995328,2.9310577431986515,2.8196756746353966,0.5374188359290758,-2.15474734925167,-2.4336638972696902,-2.088325992627144,2.8196756746353966,-2.0236789359006573,1.1420213988197518,-2.313150169848607,25000000.0,2,22068341.616343893
Jason Sean Steele,46.0,196,3,23,,30/06/2026,01/07/2018,,-0.246490430583512,-0.5303711150936786,3.10275439229847,2.5545032390740445,2.718349191357456,2.730834292728764,2.7214282225811823,-0.8981806318907889,-1.9242450968128373,-1.494704897493964,-1.792756113440176,2.7214282225811823,-1.704158370576561,-1.0650804893602883,-2.2639654637501714,2000000.0,1,3402441.6830393225
Alphonse Francis Aréola,32.0,152,3,110,11.0,30/06/2027,01/07/2022,-0.0614102663031544,0.6189956318585909,-0.7662267180980222,2.898126809752977,2.8850614184017136,2.9113772062711174,2.9310577431986515,2.917923126689611,0.4069097933999971,-1.8320441958373044,-2.488896779609439,-1.5957095273155304,2.917923126689611,-1.5215751903913637,-0.0618523583693609,-1.821303108864252,10000000.0,1,3902137.136261433
Łukasz Marek Fabiański,71.0,289,3,110,14.0,30/06/2025,01/07/2018,-0.626719504580752,0.4458984193701703,-1.1593193897719285,2.591185435934738,2.743393627261284,2.863120202542702,3.0311694684335952,2.917923126689611,0.1458917083418399,-1.5554414929107054,-2.488896779609439,-1.546447880784369,2.917923126689611,-1.79544996066916,-0.2624979845675464,-2.116411345454865,700000.0,1,3666405.9256616775
Wesley Andrew Foderingham,46.0,196,3,110,6.0,30/06/2026,01/07/2024,-0.6112315802443794,-0.246490430583512,-0.9234637867675848,2.795813018480231,2.696171030214474,2.718349191357456,2.680778430111292,2.672304496554076,-0.6371625468326316,-1.785943745349538,-2.157499485570947,-1.7434944669090149,2.672304496554076,-1.79544996066916,-1.0650804893602883,-1.7721184027658168,900000.0,1,2681944.4518079315
mark-flekken,69.0,275,3,22,7.0,30/06/2027,01/07/2023,0.0934689770605708,0.6189956318585909,-0.3731340464241162,3.256225079207589,2.9322840154485235,2.9596342099995328,2.830946017963708,2.868799400662504,0.6679278784581544,-1.970345547300604,-1.826102191532456,-1.6942328203778532,2.868799400662504,-1.6585125755302617,-0.0618523583693609,-2.116411345454865,10000000.0,1,4474095.953357643
hakon-rafn-valdimarsson,51.0,222,3,22,,30/06/2028,26/01/2024,-0.541535920730703,-1.1119764930256149,-1.3951749927762718,2.3865578533892453,2.4128354479336145,2.428807168986964,2.380443254406461,2.475809592445647,-0.8981806318907889,-1.7398432948617717,-2.6545954266286844,-1.4971862342532076,2.475809592445647,-1.8867415507617589,-0.4631436107657319,-2.0672266393564294,2500000.0,0,578982.2147865128
bernd-leno,1.0,5,3,40,7.0,30/06/2027,02/08/2022,0.0160293553787081,1.1382872693238526,-0.6876081837632411,3.000440601025724,3.073951806588953,3.1044052211847792,3.081225331051067,3.114418030798039,0.4069097933999971,-1.8320441958373044,-1.770869309192707,-1.8912794065024987,3.114418030798039,-1.9780331408543577,0.5400845202251955,-2.362334875947042,11000000.0,1,5790205.940725412
Jordan Lee Pickford,46.0,196,3,34,7.0,30/06/2027,01/07/2017,,1.4844816943006938,0.0199586252497898,3.6143233486622015,3.2156195977293827,3.1526622249131946,3.0311694684335952,3.114418030798039,1.1899640485744687,-1.878144646325071,-1.3842391328144668,-1.3986629411908846,3.114418030798039,-1.5215751903913637,0.9413757726215664,-1.9688572271595584,20000000.0,2,22950682.968426883
João Manuel Neves Virgínia,72.0,292,3,34,,30/06/2025,01/07/2020,-0.6189755424125657,-0.5926848555603532,-1.2379379241067094,2.488871644661992,2.6017258361208544,2.6700921876290407,2.730834292728764,2.4266858664185404,-1.5507258445361818,-2.062546448276137,-2.8755269559876786,-1.94054105303366,2.4266858664185404,-2.0236789359006573,-0.8644348631621029,-2.116411345454865,800000.0,0,525959.2592295806
Asmir Begović,95.0,55,3,34,0.0,30/06/2025,23/08/2024,-0.657695353253497,-0.5926848555603532,-1.3165564584414906,2.4377147490256186,2.3656128508868046,2.6218351839006253,2.6307225674938204,2.7214282225811823,-0.506653504303553,-1.9242450968128373,-2.378431014929941,-1.792756113440176,2.7214282225811823,-1.5215751903913637,-1.4663717417566593,-2.116411345454865,300000.0,0,492060.45052464725
jose-sa,72.0,292,3,112,14.0,30/06/2027,15/07/2021,,0.4458984193701703,-1.0020823211023655,2.6934992272074845,2.790616224308094,2.863120202542702,2.8810018805811795,2.868799400662504,0.4069097933999971,-1.6476423938862383,-2.6545954266286844,-1.546447880784369,2.868799400662504,-1.704158370576561,-0.2624979845675464,-1.9196725210611232,8000000.0,1,3448093.984024268
Daniel Ian Bentley,46.0,196,3,112,,30/06/2027,25/01/2023,-0.541535920730703,-0.5926848555603532,-1.0807008554371471,2.642342331571111,2.5545032390740445,2.57357818017221,2.4805549796414046,2.5740570444998614,-0.3761444617744744,-1.878144646325071,-2.04703372089145,-1.7434944669090149,2.5740570444998614,-1.8867415507617589,-1.4663717417566593,-1.9196725210611232,2000000.0,1,1994722.7751935427
Samuel Luke Johnstone,46.0,196,3,112,,30/06/2028,30/08/2024,0.0934689770605708,0.2728012068817497,-1.0807008554371471,2.642342331571111,2.790616224308094,2.863120202542702,2.9310577431986515,2.770551948608289,0.1458917083418399,-1.7398432948617717,-2.709828308968433,-1.6449711738466917,2.770551948608289,-1.8867415507617589,-0.4631436107657319,-1.9688572271595584,8000000.0,1,3242710.4789022515
Arijanet Anan Muriqi,86.0,241,3,48,,30/06/2028,17/07/2024,-0.1388498879850171,-0.246490430583512,-0.6089896494284598,3.051597496662097,2.6489484331676643,2.718349191357456,2.730834292728764,2.672304496554076,-0.7676715893617102,-1.8320441958373044,-1.770869309192707,-1.5957095273155304,2.672304496554076,-1.84109575571546,-0.4631436107657319,-2.1655960515533006,6000000.0,1,4040061.5522873877
jakub-stolarczyk,71.0,289,3,52,,30/06/2026,01/07/2023,-0.6654393154216833,-0.7657820680487738,-1.0807008554371471,2.642342331571111,2.6017258361208544,2.6218351839006253,2.5806667048763483,2.5740570444998614,-1.9422529721234176,-2.2008477997394365,-3.0412256030069247,-1.94054105303366,2.5740570444998614,-2.1606163210395555,-0.8644348631621029,-2.116411345454865,400000.0,0,485003.1259143952
mads-hermansen,22.0,96,3,52,,30/06/2028,18/07/2023,-0.4098885638715365,0.4458984193701703,-0.5303711150936786,3.10275439229847,2.8850614184017136,2.863120202542702,2.981113605816123,2.917923126689611,-0.506653504303553,-1.878144646325071,-1.494704897493964,-1.94054105303366,2.917923126689611,-1.9780331408543577,0.740730146423381,-2.1655960515533006,15000000.0,2,20392752.62563975
Aaron Christopher Ramsdale,46.0,196,3,89,14.0,30/06/2028,30/08/2024,1.255063302288511,0.6189956318585909,-0.294515512089335,3.358538870480336,2.8850614184017136,2.863120202542702,2.981113605816123,2.8196756746353966,0.4069097933999971,-1.785943745349538,-1.881335073872204,-1.5957095273155304,2.8196756746353966,-1.749804165622861,0.33943889402701,-2.0672266393564294,16000000.0,2,21023667.459417168
Thibaut Nicolas Marc Courtois,11.0,67,3,78,6.0,30/06/2026,09/08/2018,,2.5230649692312173,-0.6876081837632411,3.000440601025724,3.404509985916622,3.2491762323700253,3.581783957225785,3.4582841129877884,2.103527346278019,-1.693742844374005,-2.4336638972696902,-1.792756113440176,3.4582841129877884,-1.749804165622861,2.1452495298106795,-2.116411345454865,25000000.0,2,25821068.68875066
Лунін Андрій Олексійович,90.0,353,3,78,14.0,30/06/2030,01/07/2018,,1.1382872693238526,-0.6089896494284598,3.051597496662097,3.026729209542143,3.007891213727948,3.0311694684335952,3.065294304770932,1.0594550060453902,-2.15474734925167,-2.8755269559876786,-1.792756113440176,3.065294304770932,-2.0236789359006573,1.5433126512161228,-2.0672266393564294,20000000.0,2,23476525.43564383
Francisco Javier González Pérez,28.0,113,3,79,14.0,30/06/2026,01/07/2024,,-1.9774625554677177,-1.6310305957806157,2.1819302708437527,2.176722462699565,2.139265146616472,2.180219803936573,2.230190962310112,-1.5507258445361818,-2.1086468987639035,-2.8755269559876786,-1.9898026995648217,2.230190962310112,-1.9780331408543577,0.9413757726215664,-2.2639654637501714,400000.0,0,535698.7825227055
Ignacio Peña Sotorres,28.0,113,3,36,6.0,30/06/2026,30/01/2022,-0.4486083747124678,0.2728012068817497,-0.6089896494284598,3.051597496662097,2.837838821354904,2.766606195085872,2.780890155346236,2.8196756746353966,0.4069097933999971,-2.1086468987639035,-2.544129661949188,-2.1375876391583057,2.8196756746353966,-2.114970525993256,0.5400845202251955,-2.313150169848607,10000000.0,1,5209876.011728275
marc-andre-ter-stegen,1.0,5,3,36,14.0,30/06/2028,01/07/2014,,2.349967756742797,0.098577159584571,3.665480244298575,3.404509985916622,3.2491762323700253,3.381560506755898,3.310912934906467,1.7120002186907832,-2.01644599778837,-2.04703372089145,-1.6942328203778532,3.310912934906467,-1.749804165622861,1.9446039036124936,-1.9196725210611232,15000000.0,2,24790412.22120646
jan-oblak,27.0,110,3,15,7.0,30/06/2028,16/07/2014,,2.349967756742797,-0.5303711150936786,3.10275439229847,3.2628421947761925,3.2491762323700253,3.6318398198432575,3.360036660933574,1.7120002186907832,-1.9242450968128373,-2.04703372089145,-1.7434944669090149,3.360036660933574,-1.8867415507617589,1.9446039036124936,-2.1655960515533006,25000000.0,2,25324231.60086433
Unai Simón Mendibil,28.0,113,3,14,,30/06/2029,01/07/2018,,1.830676119277535,-0.6876081837632411,3.000440601025724,3.168397000682573,3.20091922864161,3.131281193668539,3.26178920887936,1.3204730911035474,-1.878144646325071,-2.82029407364793,-1.546447880784369,3.26178920887936,-1.749804165622861,1.5433126512161228,-2.018041933257994,28000000.0,2,24622521.672431678
Julen Agirrezabala Astúlez,28.0,113,3,14,,30/06/2027,01/07/2022,-0.2937291313487425,0.4458984193701703,-0.5303711150936786,3.10275439229847,2.696171030214474,2.9113772062711174,2.8810018805811795,3.0161705787438247,-0.3761444617744744,-2.01644599778837,-1.770869309192707,-1.6449711738466917,3.0161705787438247,-2.0693247309469567,1.342667025017937,-2.018041933257994,15000000.0,2,20974212.11023019
Francisco Barbosa Vieites,28.0,113,3,77,,30/06/2026,01/07/2024,,-0.4195876430719326,-0.8448452524328034,2.8469699141166043,2.507280642027234,2.6218351839006253,2.6307225674938204,2.5740570444998614,-0.3761444617744744,-2.062546448276137,-2.930759838327427,-2.039064346095983,2.5740570444998614,-2.114970525993256,-0.4631436107657319,-2.2639654637501714,800000.0,1,3428684.5296175196
Alejandro Remiro Gargallo,28.0,113,3,80,,30/06/2027,01/07/2019,,1.6575789067891142,-0.4517525807588974,3.2050681835712163,3.2156195977293827,3.20091922864161,3.131281193668539,3.360036660933574,0.9289459635163116,-1.970345547300604,-2.267965250250444,-1.6449711738466917,3.360036660933574,-1.79544996066916,1.342667025017937,-2.214780757651736,25000000.0,2,23992149.16805026
Unai Marrero Larrañaga,28.0,113,3,80,,30/06/2027,01/07/2023,-0.6615673343375902,-1.2850737055140355,-1.7096491301153969,2.1307733752073794,2.3656128508868046,2.380550165258549,2.380443254406461,2.328438414364326,-1.0286896744198677,-2.062546448276137,-2.82029407364793,-2.088325992627144,2.328438414364326,-2.1606163210395555,-0.6637892369639175,-2.313150169848607,600000.0,0,517057.9319166821
Diego José Conde Alcoado,28.0,113,3,108,,30/06/2029,02/07/2024,-0.5260479963943305,0.4458984193701703,-1.1593193897719285,2.591185435934738,2.8850614184017136,2.766606195085872,2.8810018805811795,2.868799400662504,0.4069097933999971,-2.062546448276137,-2.599362544288936,-1.7434944669090149,2.868799400662504,-1.8867415507617589,0.740730146423381,-2.0672266393564294,10000000.0,1,5128664.530411445
luiz-junior,8.0,64,3,108,,30/06/2030,20/08/2024,-0.2162895096668798,0.4458984193701703,-1.0020823211023655,2.7446561228438577,2.790616224308094,2.863120202542702,2.981113605816123,2.917923126689611,0.4069097933999971,-2.246948250227203,-2.709828308968433,-2.088325992627144,2.917923126689611,-1.9780331408543577,1.342667025017937,-2.1655960515533006,5000000.0,1,6173662.861566161
Iker Álvarez de Eulate Molne,2.0,37,3,109,,30/06/2026,01/07/2021,,-1.2850737055140355,-1.2379379241067094,2.540028540298365,2.3656128508868046,2.380550165258549,2.4304991170239325,2.475809592445647,-1.6812348870652605,-1.5554414929107054,-2.599362544288936,-1.8912794065024987,2.475809592445647,-2.0693247309469567,-0.6637892369639175,-1.821303108864252,800000.0,0,514761.2317930527
Paulo Dino Gazzaniga Farias,5.0,46,3,43,14.0,30/06/2027,01/07/2023,-0.4486083747124678,1.1382872693238526,-0.294515512089335,3.358538870480336,2.9795066124953333,3.0561482174563634,3.081225331051067,3.114418030798039,0.9289459635163116,-1.601541943398472,-1.9918008385517008,-1.7434944669090149,3.114418030798039,-1.84109575571546,0.5400845202251955,-1.6737489905689458,3500000.0,1,5175035.1527332775
juan-carlos,28.0,113,3,43,,30/06/2025,01/07/2019,,-0.246490430583512,-0.9234637867675848,2.795813018480231,2.6017258361208544,2.6218351839006253,2.780890155346236,2.6231807705269685,-0.6371625468326316,-1.785943745349538,-2.488896779609439,-1.6449711738466917,2.6231807705269685,-1.749804165622861,-1.0650804893602883,-1.280271341781462,100000.0,1,2209630.2448993973
გიორგი მამარდაშვილი,36.0,178,3,101,,30/06/2025,28/08/2024,,1.830676119277535,-0.9234637867675848,2.795813018480231,3.168397000682573,3.2974332360984406,3.2814487815209543,3.310912934906467,0.2764007508709185,-2.15474734925167,-2.488896779609439,-2.039064346095983,3.310912934906467,-1.9780331408543577,1.9446039036124936,-2.1655960515533006,30000000.0,2,24171286.004199322
Столе Димитриевски,58.0,247,3,101,,30/06/2026,01/07/2024,,0.7920928443470114,-0.7662267180980222,2.898126809752977,2.837838821354904,2.9596342099995328,3.0311694684335952,2.917923126689611,0.6679278784581544,-1.693742844374005,-2.6545954266286844,-1.6449711738466917,2.917923126689611,-1.475929395345064,0.1387932678288245,-2.2639654637501714,3000000.0,1,4219030.03874001
Jaume Doménech Sánchez,28.0,113,3,101,1.0,30/06/2025,01/07/2015,,-0.4195876430719326,-0.8448452524328034,2.8469699141166043,2.6489484331676643,2.5253211764437946,2.730834292728764,2.5740570444998614,-0.2456354192453958,-1.9242450968128373,-1.9365679562119529,-1.4971862342532076,2.5740570444998614,-1.8867415507617589,-1.2657261155584738,-1.3294560478798976,600000.0,1,2088641.4948235336
Sergio Herrera Pirón,28.0,113,3,24,,30/06/2026,12/07/2017,,0.7920928443470114,-0.7662267180980222,2.9492837053893504,2.9322840154485235,2.9596342099995328,3.0311694684335952,2.917923126689611,0.6679278784581544,-1.8320441958373044,-2.212732367910696,-1.5957095273155304,2.917923126689611,-1.6585125755302617,0.1387932678288245,-1.821303108864252,4000000.0,1,4332149.3262400385
Aitor Fernández Abarisketa,28.0,113,3,24,,30/06/2027,02/07/2022,-0.4873281855533991,0.4458984193701703,-1.1593193897719285,2.591185435934738,2.9322840154485235,2.863120202542702,2.830946017963708,2.868799400662504,0.5374188359290758,-1.9242450968128373,-2.930759838327427,-1.6449711738466917,2.868799400662504,-1.84109575571546,-0.2624979845675464,-1.3294560478798976,1500000.0,1,3113240.4092861703
Daniel Cárdenas Lindez,28.0,113,3,76,,30/06/2027,18/08/2023,-0.5260479963943305,0.0997039943933291,-0.8448452524328034,2.8469699141166043,2.743393627261284,2.718349191357456,2.780890155346236,2.8196756746353966,0.2764007508709185,-2.246948250227203,-2.82029407364793,-1.9898026995648217,2.8196756746353966,-2.1606163210395555,-0.0618523583693609,-2.313150169848607,1800000.0,1,4144621.9061799496
Augusto Martín Batalla Barga,5.0,46,3,76,,30/06/2025,23/08/2024,-0.2162895096668798,0.4458984193701703,-0.7662267180980222,2.898126809752977,2.837838821354904,2.863120202542702,2.9310577431986515,2.868799400662504,0.4069097933999971,-1.785943745349538,-2.212732367910696,-1.7434944669090149,2.868799400662504,-1.749804165622861,-0.0618523583693609,-1.9688572271595584,6000000.0,1,4113113.6256795027
Vicente Guaita Panadero,28.0,113,3,69,9.0,30/06/2025,01/09/2023,-0.6034876180761931,0.4458984193701703,-0.6089896494284598,3.051597496662097,2.790616224308094,2.863120202542702,2.981113605816123,2.868799400662504,0.2764007508709185,-1.785943745349538,-2.378431014929941,-1.7434944669090149,2.868799400662504,-1.8867415507617589,-0.2624979845675464,-1.2310866356830266,800000.0,1,3525501.937365732
Iván Villar Martínez,28.0,113,3,69,,30/06/2027,01/07/2019,-0.5879996937398206,-0.0733932180950914,-1.0020823211023655,2.7446561228438577,2.743393627261284,2.6700921876290407,2.730834292728764,2.770551948608289,0.0153826658127613,-1.785943745349538,-2.765061191308181,-1.792756113440176,2.770551948608289,-1.84109575571546,-0.0618523583693609,-2.1655960515533006,900000.0,1,3876007.9811079064
Leonardo Román Riquelme,28.0,113,3,73,,30/06/2026,01/07/2022,-0.541535920730703,-0.0733932180950914,-0.9234637867675848,2.795813018480231,2.696171030214474,2.6700921876290407,2.830946017963708,2.5740570444998614,0.0153826658127613,-2.01644599778837,-2.709828308968433,-1.8912794065024987,2.5740570444998614,-1.84109575571546,0.740730146423381,-2.116411345454865,2500000.0,1,5052368.725729278
Iván Cuéllar Sacristán,28.0,113,3,73,,30/06/2025,28/08/2023,-0.6731832775898695,-1.2850737055140355,-1.3951749927762718,2.3865578533892453,2.3183902538399948,2.284036157801718,2.4805549796414046,2.3775621403914333,-0.7676715893617102,-1.9242450968128373,-2.985992720667176,-1.546447880784369,2.3775621403914333,-1.704158370576561,-2.2689542465494013,-1.378640753978333,100000.0,0,319825.91915680014
Ørjan Håskjold Nyland,65.0,267,3,88,,30/06/2026,20/08/2023,-0.6344634667489382,0.2728012068817497,-0.6089896494284598,3.051597496662097,2.696171030214474,2.8148631988142867,2.8810018805811795,2.770551948608289,0.1458917083418399,-1.878144646325071,-2.4336638972696902,-1.6942328203778532,2.770551948608289,-1.8867415507617589,-0.4631436107657319,-2.214780757651736,1000000.0,1,3626210.758215016
Álvaro Fernández Llorente,28.0,113,3,88,,30/06/2025,12/08/2024,-0.4873281855533991,-0.0733932180950914,-1.1593193897719285,2.591185435934738,2.743393627261284,2.766606195085872,2.680778430111292,2.7214282225811823,0.2764007508709185,-2.246948250227203,-2.157499485570947,-2.088325992627144,2.7214282225811823,-2.0236789359006573,-0.0618523583693609,-2.362334875947042,2500000.0,1,4327551.014539535
David Soria Solís,28.0,113,3,41,,30/06/2026,13/07/2018,,1.1382872693238526,-0.8448452524328034,2.8469699141166043,3.026729209542143,3.0561482174563634,3.081225331051067,3.065294304770932,0.9289459635163116,-1.6476423938862383,-2.599362544288936,-1.447924587722046,3.065294304770932,-1.5215751903913637,0.5400845202251955,-2.0672266393564294,4000000.0,1,4774624.911355217
Jiří Letáček,76.0,307,3,41,2.0,30/06/2028,13/07/2024,-0.6344634667489382,-0.9388792805371944,-1.3165564584414906,2.4377147490256186,2.507280642027234,2.5253211764437946,2.5306108422588767,2.5249333184727543,-1.8117439295943392,-1.878144646325071,-2.765061191308181,-1.6942328203778532,2.5249333184727543,-1.749804165622861,-0.8644348631621029,-1.9688572271595584,2000000.0,0,494606.8832096671
Dinko Horkaš,21.0,95,3,98,,30/06/2028,01/07/2024,-0.5879996937398206,-0.7657820680487738,-1.0020823211023655,2.6934992272074845,2.507280642027234,2.5253211764437946,2.5806667048763483,2.5740570444998614,-0.8981806318907889,-2.062546448276137,-2.378431014929941,-1.6449711738466917,2.5740570444998614,-1.9323873458080585,-0.6637892369639175,-1.7721184027658168,1200000.0,0,580692.9285788432
Марко Дмитровић,95.0,317,3,25,,30/06/2025,12/08/2024,-0.6112315802443794,0.6189956318585909,-0.5303711150936786,3.10275439229847,2.837838821354904,2.8148631988142867,2.981113605816123,3.0161705787438247,0.4069097933999971,-1.693742844374005,-3.1516913676864218,-1.3986629411908846,3.0161705787438247,-1.475929395345064,-0.0618523583693609,-1.3294560478798976,800000.0,1,3355771.754040115
Juan Soriano Oropesa,28.0,113,3,25,,30/06/2027,02/07/2024,-0.5647678072352618,0.0997039943933291,-1.0807008554371471,2.642342331571111,2.790616224308094,2.766606195085872,2.680778430111292,2.770551948608289,0.0153826658127613,-1.7398432948617717,-2.4336638972696902,-1.7434944669090149,2.770551948608289,-1.749804165622861,-0.2624979845675464,-2.1655960515533006,1200000.0,1,3733991.4151924653
Joan García Pons,28.0,113,3,71,,30/06/2028,01/07/2021,,0.965190056835432,-0.6876081837632411,3.000440601025724,3.026729209542143,3.007891213727948,3.081225331051067,3.0161705787438247,0.5374188359290758,-2.062546448276137,-2.157499485570947,-2.039064346095983,3.0161705787438247,-2.114970525993256,1.5433126512161228,-2.1655960515533006,20000000.0,2,22826516.86597678
Fernando Pacheco Flores,28.0,113,3,71,,30/06/2026,31/01/2023,-0.4486083747124678,-0.246490430583512,-1.1593193897719285,2.591185435934738,2.6017258361208544,2.6700921876290407,2.730834292728764,2.672304496554076,0.0153826658127613,-1.785943745349538,-2.544129661949188,-1.7434944669090149,2.672304496554076,-1.6585125755302617,-1.0650804893602883,-2.116411345454865,900000.0,1,2301911.5232466506
Ángel Fortuño Viñas,28.0,113,3,71,,30/06/2027,01/07/2024,-0.657695353253497,-1.6312681304908767,-1.3951749927762718,2.3865578533892453,2.223945059746375,2.187522150344887,2.330387391788989,2.328438414364326,-1.0286896744198677,-2.2008477997394365,-2.544129661949188,-1.9898026995648217,2.328438414364326,-1.9780331408543577,-0.6637892369639175,-2.116411345454865,300000.0,0,499638.20852605766
Antonio Sivera Salvá,28.0,113,3,31,,30/06/2027,19/07/2017,,0.2728012068817497,-0.6089896494284598,3.051597496662097,2.837838821354904,2.8148631988142867,2.830946017963708,2.8196756746353966,-0.3761444617744744,-1.9242450968128373,-2.267965250250444,-1.5957095273155304,2.8196756746353966,-1.704158370576561,0.1387932678288245,-1.7229336966673812,6000000.0,1,4516864.196580979
Jesús Lázaro Owono Ngua Akeng,43.0,190,3,31,,30/06/2026,01/07/2022,-0.6654393154216833,-1.458170918002456,-1.3165564584414906,2.4377147490256186,2.223945059746375,2.428807168986964,2.4304991170239325,2.1810672362830053,-1.2897077594780246,-2.1086468987639035,-2.8755269559876786,-2.088325992627144,2.1810672362830053,-1.9780331408543577,-0.8644348631621029,-2.1655960515533006,1000000.0,0,462299.68276347034
Adrián Rodríguez Giménez,28.0,45,3,31,,30/06/2027,01/07/2024,-0.6693112965057764,-1.9774625554677177,-1.3165564584414906,2.4377147490256186,2.129499865652756,2.042751139159641,2.180219803936573,2.328438414364326,-1.9422529721234176,-2.1086468987639035,-3.0412256030069247,-2.039064346095983,2.328438414364326,-2.0236789359006573,-1.4663717417566593,-2.1655960515533006,100000.0,0,259962.57564320884
André Filipe Magalhães Ribeiro Ferreira,72.0,292,3,81,,30/06/2027,01/07/2024,-0.6189755424125657,-0.9388792805371944,-1.2379379241067094,2.488871644661992,2.4600580449804244,2.5253211764437946,2.330387391788989,2.5249333184727543,-1.0286896744198677,-1.693742844374005,-2.378431014929941,-1.7434944669090149,2.5249333184727543,-1.6128667804839625,-1.6670173679548448,-1.870487814962688,800000.0,0,439359.70872109884
yann-sommer,86.0,335,3,47,7.0,30/06/2026,07/08/2023,-0.2937291313487425,2.176870544254376,-0.1372784434197725,3.4608526617530826,3.3572873888698123,3.1526622249131946,3.2313929189034827,3.409160386960681,1.450982133632626,-1.9242450968128373,-2.04703372089145,-1.9898026995648217,3.409160386960681,-1.79544996066916,1.7439582774143083,-2.1655960515533006,4000000.0,1,7430770.491037442
Josep Martínez Riera,28.0,113,3,47,,30/06/2029,09/07/2024,-0.0614102663031544,2.349967756742797,1.6709478462801952,-0.4782283022476529,-0.2316299866877389,-0.3218420435327115,-0.4727409147894356,-0.4716139691807754,2.625563516394333,1.210585536355285,0.935541925454974,2.148175609052737,-0.4716139691807754,1.8562136430347933,1.9446039036124936,0.5395627838606504,12000000.0,2,12822630.090266095
Josep Martínez Riera,28.0,113,3,47,,30/06/2029,09/07/2024,-0.0614102663031544,0.0997039943933291,-1.2379379241067094,2.540028540298365,2.6489484331676643,2.766606195085872,2.680778430111292,2.868799400662504,0.4069097933999971,-2.15474734925167,-3.096458485346673,-2.088325992627144,2.868799400662504,-2.114970525993256,-0.2624979845675464,-2.214780757651736,12000000.0,1,3526625.048399087
raffaele-di-gennaro,53.0,224,3,47,,30/06/2025,13/07/2023,-0.6538233721694039,-0.9388792805371944,-1.4737935271110532,2.284244062116499,2.4600580449804244,2.6218351839006253,2.4805549796414046,2.3775621403914333,-0.506653504303553,-2.062546448276137,-2.267965250250444,-1.3986629411908846,2.3775621403914333,-1.704158370576561,-1.8676629941530305,-2.214780757651736,300000.0,0,422661.9396300767
Mike Peterson Maignan,40.0,156,3,3,11.0,30/06/2026,01/07/2021,,2.176870544254376,-0.1372784434197725,3.4608526617530826,3.3100647918230024,3.20091922864161,3.2814487815209543,3.26178920887936,1.7120002186907832,-1.5554414929107054,-1.494704897493964,-1.5957095273155304,3.26178920887936,-1.704158370576561,2.1452495298106795,-1.9196725210611232,25000000.0,2,24832743.804823462
marco-sportiello,53.0,224,3,3,6.0,30/06/2027,01/07/2023,,0.2728012068817497,-0.7662267180980222,2.898126809752977,2.743393627261284,2.766606195085872,2.730834292728764,3.0161705787438247,-0.506653504303553,-1.693742844374005,-2.488896779609439,-1.792756113440176,3.0161705787438247,-1.5672209854376629,-0.4631436107657319,-2.1655960515533006,1500000.0,1,3706216.1520173037
lorenzo-torriani,53.0,224,3,3,14.0,30/06/2027,01/07/2024,-0.6801528435412372,-2.4967541929329795,-1.2379379241067094,2.488871644661992,2.0822772686059454,1.9944941354312256,1.8298287656142704,2.131943510255898,-1.5507258445361818,-2.2008477997394365,-2.765061191308181,-2.1868492856894672,2.131943510255898,-2.1606163210395555,-0.4631436107657319,-2.313150169848607,500000.0,0,375172.1949009788
michele-di-gregorio,53.0,224,3,49,,30/06/2029,05/07/2024,0.7129859505154722,1.1382872693238526,-0.5303711150936786,3.153911287934843,3.073951806588953,3.1044052211847792,3.0311694684335952,3.2126654828522527,-0.3761444617744744,-1.6476423938862383,-1.770869309192707,-1.8420177599713368,3.2126654828522527,-1.9780331408543577,1.1420213988197518,-2.1655960515533006,18000000.0,2,21978410.079347398
mattia-perin,53.0,224,3,49,14.0,30/06/2027,01/07/2018,,0.7920928443470114,-1.0020823211023655,2.7446561228438577,2.9795066124953333,2.9596342099995328,3.081225331051067,3.0161705787438247,0.2764007508709185,-1.693742844374005,-2.4336638972696902,-1.447924587722046,3.0161705787438247,-1.8867415507617589,0.1387932678288245,-2.2639654637501714,3000000.0,1,4546266.296733828
carlo-pinsoglio,53.0,224,3,49,4.0,30/06/2026,01/07/2014,,-0.7657820680487738,-1.4737935271110532,2.284244062116499,2.5545032390740445,2.5253211764437946,2.6307225674938204,2.6231807705269685,-1.420216802007103,-2.2008477997394365,-2.488896779609439,-1.9898026995648217,2.6231807705269685,-1.8867415507617589,-1.6670173679548448,-2.1655960515533006,200000.0,0,425705.33443077677
marco-carnesecchi,53.0,224,3,13,7.0,30/06/2028,01/07/2019,0.3257878421061588,1.4844816943006938,-1.0020823211023655,2.7446561228438577,3.2156195977293827,3.2491762323700253,3.131281193668539,3.2126654828522527,-0.1151263767163172,-2.01644599778837,-2.544129661949188,-2.039064346095983,3.2126654828522527,-2.0236789359006573,1.9446039036124936,-2.2639654637501714,25000000.0,2,23537114.507212505
Rui Pedro dos Santos Patrício,72.0,292,3,13,7.0,30/06/2025,27/08/2024,-0.6034876180761931,0.0997039943933291,-0.7662267180980222,2.9492837053893504,2.6489484331676643,2.863120202542702,2.8810018805811795,2.770551948608289,-0.2456354192453958,-1.970345547300604,-2.3231981325901927,-1.5957095273155304,2.770551948608289,-1.84109575571546,-0.6637892369639175,-2.214780757651736,1000000.0,1,3444198.610093478
francesco-rossi,53.0,224,3,13,,30/06/2025,01/08/2009,,-2.323656980444559,-1.4737935271110532,2.335400957752872,2.0822772686059454,2.187522150344887,2.230275666554045,2.082819784228791,-3.116834354885125,-1.9242450968128373,-2.6545954266286844,-1.5957095273155304,2.082819784228791,-1.8867415507617589,-3.472828003738514,-1.870487814962688,100000.0,0,94652.45265751221
Χρήστος Μανδάς,38.0,186,3,83,,30/06/2029,01/09/2023,-0.6034876180761931,-0.4195876430719326,-1.0020823211023655,2.7446561228438577,2.837838821354904,2.766606195085872,2.6307225674938204,2.5249333184727543,-1.5507258445361818,-2.246948250227203,-2.709828308968433,-2.039064346095983,2.5249333184727543,-2.0236789359006573,0.740730146423381,-2.2639654637501714,5000000.0,1,5728271.825865675
ivan-provedel,53.0,224,3,83,14.0,30/06/2027,08/08/2022,-0.4098885638715365,1.4844816943006938,-0.4517525807588974,3.2050681835712163,3.168397000682573,3.20091922864161,3.081225331051067,3.26178920887936,0.4069097933999971,-1.5554414929107054,-2.488896779609439,-1.6942328203778532,3.26178920887936,-1.6128667804839625,0.9413757726215664,-1.7721184027658168,7000000.0,1,5783061.174120885
alessio-furlanetto,53.0,224,3,83,,30/06/2028,01/07/2022,-0.6770552586739627,-2.323656980444559,-1.7096491301153969,2.079616479571006,2.223945059746375,2.187522150344887,2.1301639413191014,1.837201154093256,-2.7253072272978893,-2.1086468987639035,-3.0412256030069247,-1.9898026995648217,1.837201154093256,-1.9780331408543577,-1.6670173679548448,-2.116411345454865,50000.0,0,129312.26795141876
alex-meret,53.0,224,3,84,14.0,30/06/2025,01/07/2019,,1.311384481812273,-0.7662267180980222,2.898126809752977,3.168397000682573,3.0561482174563634,3.081225331051067,3.26178920887936,0.798436920987233,-1.693742844374005,-2.3231981325901927,-1.3986629411908846,3.26178920887936,-1.6128667804839625,1.1420213988197518,-2.0672266393564294,12000000.0,1,5993116.700143173
Scott Paul Carson,46.0,196,3,54,7.0,30/06/2025,20/07/2021,,0.965190056835432,1.5923293119454138,-0.5805420935203993,-0.3260751807813587,-0.4183560509895422,-0.5728526400243794,-0.3733665171265614,1.1899640485744687,1.1644850858675189,0.7698432784357282,1.310727618022993,-0.3733665171265614,1.2171725123866015,0.33943889402701,0.4411933716637795,200000.0,1,415501.9585815305
simone-scuffet,53.0,224,3,84,3.0,30/06/2025,07/01/2025,-0.5260479963943305,-0.4195876430719326,-1.3951749927762718,2.3865578533892453,2.696171030214474,2.6218351839006253,2.6307225674938204,2.6231807705269685,-0.3761444617744744,-1.7398432948617717,-2.488896779609439,-1.3986629411908846,2.6231807705269685,-1.475929395345064,-0.8644348631621029,-1.821303108864252,2000000.0,1,2406651.9293089006
"Nikita Contini Baranovskiy , Нікіта Контіні-Барановський",90.0,235,3,84,,30/06/2025,01/07/2015,,-1.2850737055140355,-1.5524120614458343,2.233087166480126,2.4128354479336145,2.428807168986964,2.4304991170239325,2.279314688337219,-1.1591987169489462,-1.5554414929107054,-2.599362544288936,-1.792756113440176,2.279314688337219,-1.704158370576561,-1.8676629941530305,-1.9688572271595584,400000.0,0,366772.86361409415
Миле Свилар,11.0,320,3,8,,30/06/2027,01/07/2022,-0.5260479963943305,0.7920928443470114,-0.7662267180980222,2.898126809752977,3.073951806588953,2.9113772062711174,2.9310577431986515,2.967046852716717,0.2764007508709185,-1.6476423938862383,-2.157499485570947,-1.5957095273155304,2.967046852716717,-1.749804165622861,0.740730146423381,-1.9196725210611232,17000000.0,2,21888058.702961832
pierluigi-gollini,53.0,224,3,8,6.0,30/06/2027,24/01/2025,-0.4873281855533991,-0.0733932180950914,-1.0020823211023655,2.7446561228438577,2.743393627261284,2.718349191357456,2.730834292728764,2.770551948608289,-0.2456354192453958,-1.693742844374005,-2.378431014929941,-1.4971862342532076,2.770551948608289,-1.749804165622861,-0.6637892369639175,-1.9688572271595584,1000000.0,1,3103573.795805943
David de Gea Quintana,28.0,113,3,39,14.0,30/06/2025,09/08/2024,-0.2937291313487425,1.830676119277535,-1.0807008554371471,2.642342331571111,3.2628421947761925,3.2491762323700253,2.9310577431986515,3.26178920887936,1.7120002186907832,-1.9242450968128373,-1.9365679562119529,-1.7434944669090149,3.26178920887936,-1.79544996066916,1.342667025017937,-1.9688572271595584,5000000.0,1,6352982.935241222
pietro-terracciano,53.0,224,3,39,,30/06/2026,07/07/2019,,0.7920928443470114,-0.7662267180980222,2.898126809752977,3.073951806588953,3.007891213727948,2.981113605816123,3.0161705787438247,-0.2456354192453958,-1.970345547300604,-2.488896779609439,-1.5957095273155304,3.0161705787438247,-1.8867415507617589,0.1387932678288245,-2.1655960515533006,1500000.0,1,4819431.343069987
tommaso-martinelli,53.0,224,3,39,,30/06/2029,01/07/2023,-0.6654393154216833,-1.2850737055140355,-1.3951749927762718,2.3865578533892453,2.4600580449804244,2.47706417271538,2.4805549796414046,2.5249333184727543,-3.508361482472361,-2.246948250227203,-2.6545954266286844,-2.088325992627144,2.5249333184727543,-2.0236789359006573,-0.0618523583693609,-2.214780757651736,1800000.0,0,421028.62485680135
Вања Миликовић-Савић,28.0,322,3,94,6.0,30/06/2026,01/07/2017,,0.6189956318585909,-0.2158969777545538,3.4096957661167093,2.837838821354904,2.9596342099995328,2.9310577431986515,2.917923126689611,-0.3761444617744744,-0.4029302307165425,-2.709828308968433,-1.5957095273155304,2.917923126689611,-1.475929395345064,0.5400845202251955,-1.9196725210611232,12000000.0,1,4813618.693864584
antonio-donnarumma,53.0,224,3,94,,30/06/2026,14/08/2024,-0.6557593627114504,-1.6312681304908767,-2.181360336124084,1.721518210116394,2.507280642027234,2.47706417271538,2.230275666554045,2.033696058201684,-1.2897077594780246,-1.878144646325071,-2.4336638972696902,-1.8420177599713368,2.033696058201684,-1.9323873458080585,-2.670245498945772,-2.1655960515533006,300000.0,0,228765.63417057495
Łukasz Skorupski,71.0,289,3,19,,30/06/2026,01/07/2018,,0.7920928443470114,-1.1593193897719285,2.591185435934738,3.073951806588953,2.9596342099995328,2.9310577431986515,2.967046852716717,0.5374188359290758,-1.785943745349538,-2.4336638972696902,-1.546447880784369,2.967046852716717,-1.8867415507617589,0.1387932678288245,-1.870487814962688,2500000.0,1,4281558.605222386
federico-ravaglia,53.0,224,3,19,,30/06/2028,01/07/2017,-0.6460794100012176,-0.7657820680487738,-1.2379379241067094,2.540028540298365,2.696171030214474,2.6218351839006253,2.4805549796414046,2.5249333184727543,-1.5507258445361818,-2.062546448276137,-2.6545954266286844,-1.94054105303366,2.5249333184727543,-1.8867415507617589,-0.4631436107657319,-2.2639654637501714,1000000.0,0,569021.7825748208
nicola-bagnolini,53.0,224,3,19,,30/06/2027,01/07/2022,,-2.4967541929329795,-1.7096491301153969,2.1307733752073794,2.223945059746375,2.139265146616472,1.979996353466686,1.7389537020390415,-2.333780099710653,-2.1086468987639035,-2.709828308968433,-2.039064346095983,1.7389537020390415,-2.0236789359006573,-1.0650804893602883,-2.362334875947042,200000.0,0,217656.2099806933
jean-butez,32.0,140,3,29,,30/06/2028,07/01/2025,-0.3711687530306051,0.2728012068817497,-0.5303711150936786,3.10275439229847,2.790616224308094,2.766606195085872,2.8810018805811795,2.8196756746353966,0.1458917083418399,-1.970345547300604,-1.9918008385517008,-1.546447880784369,2.8196756746353966,-1.3846378052524653,-0.4631436107657319,-2.116411345454865,3000000.0,1,3680786.019236074
José Manuel Reina Páez,28.0,113,3,29,14.0,30/06/2025,18/07/2024,-0.6344634667489382,0.0997039943933291,-0.6876081837632411,3.000440601025724,2.5545032390740445,2.718349191357456,2.830946017963708,2.868799400662504,-0.2456354192453958,-1.785943745349538,-2.4336638972696902,-1.8420177599713368,2.868799400662504,-1.749804165622861,-0.6637892369639175,-2.2639654637501714,600000.0,1,3378224.919529571
mauro-vigorito,53.0,224,3,29,,-,01/07/2023,-0.6693112965057764,-1.8043653429792967,-1.6310305957806157,2.1819302708437527,2.223945059746375,2.187522150344887,2.280331529171517,2.328438414364326,-1.420216802007103,-1.878144646325071,-2.1022666032311985,-1.5957095273155304,2.328438414364326,-1.5672209854376629,-2.8708911251439577,-2.1655960515533006,150000.0,0,208364.7816362849
edoardo-corvi,53.0,224,3,64,,30/06/2027,01/07/2020,-0.6731832775898695,-1.8043653429792967,-1.5524120614458343,2.233087166480126,2.3183902538399948,2.332293161530133,2.280331529171517,1.984572332174577,-1.1591987169489462,-2.062546448276137,-2.82029407364793,-1.94054105303366,1.984572332174577,-2.0236789359006573,-1.4663717417566593,-2.1655960515533006,350000.0,0,343403.35875030595
elia-caprile,53.0,224,3,27,,30/06/2025,07/01/2025,,0.0997039943933291,-0.9234637867675848,2.795813018480231,2.790616224308094,2.6700921876290407,2.780890155346236,2.770551948608289,-0.3761444617744744,-2.062546448276137,-2.3231981325901927,-1.9898026995648217,2.770551948608289,-2.0693247309469567,1.1420213988197518,-2.2639654637501714,8000000.0,1,6218510.831696852
alen-sherri,0.0,0,3,27,,30/06/2027,24/07/2024,,-1.2850737055140355,-1.1593193897719285,2.591185435934738,2.4128354479336145,2.380550165258549,2.330387391788989,2.328438414364326,-0.7676715893617102,-1.9242450968128373,-2.378431014929941,-1.8912794065024987,2.328438414364326,-1.8867415507617589,-1.6670173679548448,-1.9196725210611232,1000000.0,0,422883.26229578647
giuseppe-ciocci,53.0,224,3,27,,30/06/2027,01/07/2021,,-2.6698514054214,-2.024123267454521,1.8238320013891405,2.176722462699565,2.0910081428880565,1.8798846282317423,1.9354486061474696,-2.203271057181575,-2.1086468987639035,-3.0412256030069247,-2.039064346095983,1.9354486061474696,-2.0693247309469567,-2.2689542465494013,-2.1655960515533006,100000.0,0,82246.52603607625
Maduka Emilio Okoye,1.0,263,3,100,6.0,30/06/2028,24/08/2023,-0.5260479963943305,-0.0733932180950914,-1.1593193897719285,2.591185435934738,2.837838821354904,2.6700921876290407,2.730834292728764,2.770551948608289,-0.2456354192453958,-2.2008477997394365,-2.709828308968433,-2.088325992627144,2.770551948608289,-2.114970525993256,0.1387932678288245,-2.0672266393564294,7500000.0,1,4417283.497854422
daniele-padelli,53.0,224,3,100,14.0,30/06/2025,01/07/2021,,-1.6312681304908767,-1.866886198784959,1.97730268829826,2.0822772686059454,2.139265146616472,2.380443254406461,2.5740570444998614,-1.2897077594780246,-1.970345547300604,-2.544129661949188,-1.8912794065024987,2.5740570444998614,-1.9323873458080585,-2.670245498945772,-2.2639654637501714,150000.0,0,224624.2920244999
wladimiro-falcone,53.0,224,3,99,,30/06/2028,27/07/2023,-0.2937291313487425,0.965190056835432,-0.7662267180980222,2.9492837053893504,3.121174403635763,3.1526622249131946,3.081225331051067,2.868799400662504,-0.506653504303553,-1.5554414929107054,-2.599362544288936,-1.7434944669090149,2.868799400662504,-1.5215751903913637,0.33943889402701,-1.9688572271595584,4000000.0,1,4902878.439187719
stefano-turati,53.0,224,3,4,,30/06/2025,23/08/2024,-0.1001300771440858,-0.0733932180950914,-1.0020823211023655,2.7446561228438577,2.837838821354904,2.766606195085872,2.680778430111292,2.770551948608289,-0.8981806318907889,-2.15474734925167,-2.599362544288936,-2.039064346095983,2.770551948608289,-1.9323873458080585,0.740730146423381,-2.2639654637501714,7500000.0,1,5651913.7646935815
semuel-pizzignacco,53.0,224,3,4,,30/06/2027,03/02/2025,-0.6189755424125657,-1.458170918002456,-1.2379379241067094,2.488871644661992,2.4600580449804244,2.428807168986964,2.330387391788989,2.1810672362830053,-1.5507258445361818,-1.5554414929107054,-1.7156364268529585,-1.6449711738466917,2.1810672362830053,-1.8867415507617589,-0.4631436107657319,-1.3294560478798976,800000.0,0,546306.2677257605
lorenzo-montipo,53.0,224,3,45,,30/06/2026,01/07/2022,-0.3324489421896738,0.2728012068817497,-1.0807008554371471,2.642342331571111,3.026729209542143,2.766606195085872,2.730834292728764,2.770551948608289,0.1458917083418399,-1.8320441958373044,-2.599362544288936,-1.4971862342532076,2.770551948608289,-1.475929395345064,-0.0618523583693609,-2.0672266393564294,3000000.0,1,3835077.6158195254
simone-perilli,53.0,224,3,45,,-,03/08/2022,-0.6654393154216833,-1.2850737055140355,-1.5524120614458343,2.233087166480126,2.176722462699565,2.380550165258549,2.4805549796414046,2.3775621403914333,-0.3761444617744744,-1.693742844374005,-2.599362544288936,-1.6942328203778532,2.3775621403914333,-1.6128667804839625,-2.068308620351216,-1.9196725210611232,200000.0,0,372207.8157368877
alessandro-berardi,53.0,224,3,45,,30/06/2025,14/12/2018,,-2.1505597679561386,-1.866886198784959,1.97730268829826,2.176722462699565,2.0910081428880565,2.0300522160841576,2.230190962310112,-1.5507258445361818,-1.601541943398472,-2.544129661949188,-1.447924587722046,2.230190962310112,-1.9323873458080585,-3.2721823775403287,-2.116411345454865,50000.0,0,144708.03955206834
nicola-leali,53.0,224,3,44,6.0,30/06/2026,05/07/2023,-0.6112315802443794,-0.5926848555603532,-1.5524120614458343,2.233087166480126,2.5545032390740445,2.766606195085872,2.680778430111292,2.328438414364326,-0.8981806318907889,-1.693742844374005,-2.4336638972696902,-1.5957095273155304,2.328438414364326,-1.79544996066916,-1.4663717417566593,-2.116411345454865,1500000.0,0,491595.5705620319
Benjamin Kevin Siegrist,86.0,335,3,44,,30/06/2025,28/01/2025,-0.6305914856648451,-0.9388792805371944,-1.7096491301153969,2.1307733752073794,2.3656128508868046,2.428807168986964,2.4805549796414046,2.672304496554076,-0.506653504303553,-1.9242450968128373,-2.599362544288936,-1.792756113440176,2.672304496554076,-1.8867415507617589,-1.8676629941530305,-2.2639654637501714,650000.0,0,415356.95550848363
daniele-sommariva,53.0,224,3,44,,30/06/2025,05/07/2023,-0.6731832775898695,-2.1505597679561386,-1.4737935271110532,2.284244062116499,2.3656128508868046,2.2357791540733025,1.9299404908492144,2.033696058201684,-1.8117439295943392,-1.693742844374005,-2.709828308968433,-1.4971862342532076,2.033696058201684,-1.5672209854376629,-2.670245498945772,-2.0672266393564294,100000.0,0,148751.83404023253
jacopo-seghetti,53.0,224,3,33,,-,01/07/2024,-0.6693112965057764,-0.7657820680487738,0.4130512969236958,-0.3247576153385333,-0.2788525837345488,-0.4183560509895422,-0.6229085026418513,-0.1768716130181332,-0.2456354192453958,0.5190787790387877,0.383213102057488,0.4732796269932489,-0.1768716130181332,0.6694229718310086,0.1387932678288245,0.4903780777622149,1000000.0,0,460444.0248188068
marco-silvestri,53.0,224,3,33,,30/06/2025,30/01/2025,-0.6422074289171245,-0.0733932180950914,-1.6310305957806157,2.1819302708437527,2.743393627261284,2.718349191357456,2.830946017963708,2.8196756746353966,-0.2456354192453958,-1.7398432948617717,-2.599362544288936,-1.3986629411908846,2.8196756746353966,-1.475929395345064,-0.8644348631621029,-2.214780757651736,500000.0,1,2563260.8456556574
federico-brancolini,53.0,224,3,33,,30/06/2027,07/08/2024,-0.6654393154216833,-3.0160458303982414,-1.3951749927762718,2.3865578533892453,1.798941686325086,1.7049521130607337,2.0801080787016297,2.082819784228791,-3.247343397414204,-2.15474734925167,-3.096458485346673,-1.9898026995648217,2.082819784228791,-2.0693247309469567,-2.2689542465494013,-2.116411345454865,200000.0,0,65987.82897545048
jacopo-seghetti,53.0,224,3,33,,-,01/07/2024,-0.6693112965057764,-2.323656980444559,-1.7096491301153969,2.1307733752073794,1.893386880418706,2.0910081428880565,2.0300522160841576,2.328438414364326,-2.464289142239732,-2.15474734925167,-2.985992720667176,-1.9898026995648217,2.328438414364326,-2.114970525993256,-0.0618523583693609,-2.313150169848607,1000000.0,0,356386.9944882295
matteo-grandi,53.0,224,3,103,,30/06/2025,13/07/2023,-0.6615673343375902,-2.4967541929329795,-1.7096491301153969,2.1307733752073794,1.798941686325086,1.9462371317028104,2.1301639413191014,2.131943510255898,-1.420216802007103,-1.9242450968128373,-2.378431014929941,-1.5957095273155304,2.131943510255898,-1.704158370576561,-3.6734736299367,-1.9688572271595584,150000.0,0,144672.84915370663
Филип Станковић,53.0,317,3,103,6.0,30/06/2025,12/08/2024,-0.2162895096668798,-0.4195876430719326,-1.1593193897719285,2.591185435934738,2.696171030214474,2.57357818017221,2.680778430111292,2.5249333184727543,-0.506653504303553,-2.1086468987639035,-3.0412256030069247,-2.088325992627144,2.5249333184727543,-2.114970525993256,0.33943889402701,-2.2639654637501714,6000000.0,1,4524104.4897812065
דניאל פרץ,52.0,223,3,17,11.0,30/06/2028,25/08/2023,-0.3711687530306051,-0.246490430583512,-0.8448452524328034,2.8469699141166043,2.790616224308094,2.718349191357456,2.8810018805811795,2.3775621403914333,-0.506653504303553,-2.15474734925167,-2.6545954266286844,-2.088325992627144,2.3775621403914333,-2.0236789359006573,0.5400845202251955,-2.411519582045478,3000000.0,1,5155790.751541631
Manuel Peter Neuer,1.0,5,3,17,14.0,30/06/2026,01/07/2011,,1.6575789067891142,0.1771956939193522,3.716637139934949,3.026729209542143,3.1044052211847792,3.1813370562860106,3.360036660933574,1.450982133632626,-1.7398432948617717,-1.2737733681349697,-1.8420177599713368,3.360036660933574,-1.79544996066916,1.1420213988197518,-2.0672266393564294,4000000.0,1,6730167.726054221
sven-ulreich,1.0,5,3,17,14.0,30/06/2025,01/07/2021,,-0.246490430583512,-1.4737935271110532,2.284244062116499,2.743393627261284,2.718349191357456,2.5806667048763483,2.7214282225811823,0.1458917083418399,-1.970345547300604,-2.488896779609439,-1.7434944669090149,2.7214282225811823,-1.84109575571546,-1.0650804893602883,-2.116411345454865,500000.0,1,2352618.8170184977
Matěj Kovář,76.0,307,3,16,,30/06/2027,15/08/2023,-0.541535920730703,0.2728012068817497,-0.5303711150936786,3.10275439229847,2.743393627261284,2.718349191357456,2.981113605816123,2.967046852716717,-0.506653504303553,-2.2008477997394365,-1.770869309192707,-1.8912794065024987,2.967046852716717,-1.9780331408543577,0.5400845202251955,-2.0672266393564294,7000000.0,1,5730458.2280490585
niklas-lomb,1.0,5,3,16,,30/06/2027,01/07/2012,,-1.458170918002456,-1.3951749927762718,2.3865578533892453,2.4600580449804244,2.428807168986964,2.0300522160841576,2.230190962310112,-1.0286896744198677,-1.970345547300604,-2.599362544288936,-1.6449711738466917,2.230190962310112,-1.6128667804839625,-2.4695998727475867,-2.0672266393564294,250000.0,0,268068.96404496
gregor-kobel,86.0,335,3,20,,30/06/2028,01/07/2021,,2.0037733317659554,-1.3951749927762718,2.3865578533892453,3.2628421947761925,3.345690239826856,3.2814487815209543,3.360036660933574,1.5814911761617043,-2.01644599778837,-1.826102191532456,-1.8912794065024987,3.360036660933574,-1.9323873458080585,2.1452495298106795,-2.1655960515533006,40000000.0,2,25321074.92999039
Marcel Laurenz Lotka,1.0,30,3,20,,30/06/2025,01/07/2022,-0.6654393154216833,1.311384481812273,1.6709478462801952,-0.1712869284294138,-0.2316299866877389,-0.3218420435327115,-0.2224616017020763,-0.1277478869910261,1.5814911761617043,1.348886887818585,0.8250761607754767,1.7048207902722845,-0.1277478869910261,1.125880922294003,0.740730146423381,0.9822251387465696,1300000.0,1,820158.1424001222
Alexander Niklas Meyer-Schade,1.0,5,3,20,,30/06/2026,01/07/2022,-0.626719504580752,0.0997039943933291,-0.5303711150936786,3.153911287934843,2.743393627261284,2.6218351839006253,2.680778430111292,2.770551948608289,0.2764007508709185,-2.062546448276137,-2.6545954266286844,-2.088325992627144,2.770551948608289,-2.0236789359006573,-0.6637892369639175,-2.1655960515533006,800000.0,1,3270264.425929671
peter-gulacsi,45.0,193,3,66,,30/06/2026,01/07/2015,,1.6575789067891142,-0.7662267180980222,2.9492837053893504,3.168397000682573,3.1526622249131946,3.2814487815209543,3.360036660933574,1.1899640485744687,-1.9242450968128373,-2.3231981325901927,-1.8912794065024987,3.360036660933574,-1.9323873458080585,1.1420213988197518,-2.018041933257994,2500000.0,1,6160837.614949229
maarten-vandevoordt,11.0,67,3,66,,30/06/2029,01/07/2024,0.1709085987424335,0.0997039943933291,-0.8448452524328034,2.8469699141166043,2.743393627261284,2.863120202542702,2.830946017963708,2.7214282225811823,-0.506653504303553,-2.246948250227203,-2.212732367910696,-2.1375876391583057,2.7214282225811823,-2.0693247309469567,1.342667025017937,-1.7721184027658168,8000000.0,1,6482715.391113482
leopold-zingerle,1.0,5,3,66,11.0,30/06/2026,01/07/2023,-0.6499513910853107,-0.9388792805371944,-1.2379379241067094,2.488871644661992,2.507280642027234,2.5253211764437946,2.4304991170239325,2.475809592445647,-0.8981806318907889,-2.2008477997394365,-2.599362544288936,-1.9898026995648217,2.475809592445647,-2.0693247309469567,-1.8676629941530305,-2.2639654637501714,400000.0,0,405434.79229800025
Kevin Christian Trapp,1.0,5,3,32,14.0,30/06/2026,07/08/2019,,1.311384481812273,-0.7662267180980222,2.898126809752977,3.121174403635763,3.0561482174563634,3.131281193668539,2.967046852716717,1.3204730911035474,-1.878144646325071,-2.378431014929941,-1.792756113440176,2.967046852716717,-1.79544996066916,0.740730146423381,-2.1655960515533006,3000000.0,1,5296318.51263216
Kauã Morais Vieira dos Santos,8.0,60,3,32,11.0,30/06/2030,29/08/2023,-0.6499513910853107,-0.5926848555603532,-1.4737935271110532,2.335400957752872,2.790616224308094,2.8148631988142867,2.380443254406461,2.1810672362830053,-0.2456354192453958,-2.1086468987639035,-2.599362544288936,-2.1375876391583057,2.1810672362830053,-2.206262116085855,0.5400845202251955,-2.2639654637501714,2500000.0,1,4852096.998801111
jens-grahl,1.0,5,3,32,,30/06/2026,19/07/2021,,-1.6312681304908767,-1.7096491301153969,2.079616479571006,2.3656128508868046,2.47706417271538,2.1301639413191014,2.230190962310112,-1.2897077594780246,-1.878144646325071,-2.4336638972696902,-1.8420177599713368,2.230190962310112,-1.84109575571546,-2.670245498945772,-1.870487814962688,200000.0,0,229657.66791379568
alexander-nubel,1.0,5,3,104,,30/06/2026,25/07/2023,-0.0614102663031544,0.965190056835432,-0.3731340464241162,3.256225079207589,3.026729209542143,3.0561482174563634,2.9310577431986515,2.967046852716717,0.9289459635163116,-1.6476423938862383,-1.4394720151542155,-1.7434944669090149,2.967046852716717,-1.5672209854376629,0.5400845202251955,-2.0672266393564294,12000000.0,1,5459279.037349556
fabian-bredlow,1.0,5,3,104,,30/06/2026,01/07/2019,,-0.5926848555603532,-1.2379379241067094,2.488871644661992,2.6489484331676643,2.57357818017221,2.4805549796414046,2.475809592445647,-0.506653504303553,-2.15474734925167,-2.4336638972696902,-2.1375876391583057,2.475809592445647,-2.1606163210395555,-1.4663717417566593,-2.411519582045478,1000000.0,0,497077.1558797717
Stefan Drljača,1.0,33,3,104,,30/06/2027,01/07/2024,-0.6557593627114504,-1.458170918002456,-1.9455047331197404,1.9261457926618868,2.507280642027234,2.428807168986964,2.230275666554045,2.279314688337219,-1.0286896744198677,-2.1086468987639035,-2.930759838327427,-2.088325992627144,2.279314688337219,-2.0693247309469567,-1.4663717417566593,-2.411519582045478,325000.0,0,379111.2449954697
dennis-seimen,1.0,32,3,104,7.0,30/06/2029,01/07/2023,-0.6654393154216833,-1.458170918002456,-1.3165564584414906,2.4377147490256186,2.4128354479336145,2.380550165258549,2.180219803936573,2.1810672362830053,-0.2456354192453958,-2.062546448276137,-2.04703372089145,-1.94054105303366,2.1810672362830053,-1.9780331408543577,1.1420213988197518,-2.313150169848607,1500000.0,0,634575.3793849705
pavao-pervan,95.0,50,3,107,,30/06/2026,01/07/2018,,-0.5926848555603532,-1.2379379241067094,2.488871644661992,2.5545032390740445,2.57357818017221,2.730834292728764,2.4266858664185404,-0.2456354192453958,-1.785943745349538,-2.8755269559876786,-1.9898026995648217,2.4266858664185404,-1.9780331408543577,-1.4663717417566593,-1.870487814962688,300000.0,0,491021.43521897425
marius-muller,1.0,5,3,107,,-,01/07/2024,-0.6034876180761931,-0.0733932180950914,-1.7096491301153969,2.1307733752073794,2.837838821354904,2.766606195085872,2.680778430111292,2.8196756746353966,-0.2456354192453958,-1.9242450968128373,-2.488896779609439,-1.94054105303366,2.8196756746353966,-1.9323873458080585,-0.8644348631621029,-2.2639654637501714,1500000.0,1,2908054.242573416
niklas-klinger,1.0,5,3,107,,30/06/2025,01/07/2019,-0.6731832775898695,-2.1505597679561386,-1.4737935271110532,2.335400957752872,2.176722462699565,1.9944941354312256,2.1301639413191014,2.082819784228791,-1.420216802007103,-2.2008477997394365,-3.0412256030069247,-1.8912794065024987,2.082819784228791,-2.114970525993256,-2.8708911251439577,-2.214780757651736,100000.0,0,135902.35918189096
jonas-omlin,86.0,335,3,21,7.0,30/06/2027,19/01/2023,-0.1388498879850171,0.2728012068817497,-1.1593193897719285,2.591185435934738,2.837838821354904,2.863120202542702,2.9310577431986515,2.7214282225811823,0.0153826658127613,-1.6476423938862383,-1.9918008385517008,-1.6449711738466917,2.7214282225811823,-1.6128667804839625,-0.4631436107657319,-1.6245642844705104,2500000.0,1,3340594.492717222
tiago-pereira-cardoso,57.0,244,3,21,0.0,-,01/03/2025,,-1.458170918002456,-1.2379379241067094,2.488871644661992,2.3656128508868046,2.5253211764437946,2.380443254406461,2.279314688337219,-2.594798184768811,-2.1086468987639035,-2.8755269559876786,-2.1868492856894672,2.279314688337219,-2.0693247309469567,0.5400845202251955,-2.214780757651736,300000.0,0,500557.3839343281
moritz-nicolas,1.0,5,3,21,7.0,30/06/2029,01/07/2016,-0.6538233721694039,0.0997039943933291,-1.0020823211023655,2.6934992272074845,2.837838821354904,2.863120202542702,2.9310577431986515,2.8196756746353966,-1.6812348870652605,-2.01644599778837,-2.985992720667176,-1.8420177599713368,2.8196756746353966,-1.9780331408543577,-0.2624979845675464,-2.116411345454865,5000000.0,1,4195200.814497763
tobias-sippel,1.0,5,3,21,,30/06/2025,01/07/2015,,-1.458170918002456,-0.7662267180980222,2.898126809752977,2.176722462699565,2.2357791540733025,2.230275666554045,2.3775621403914333,-0.8981806318907889,-1.970345547300604,-2.6545954266286844,-1.792756113440176,2.3775621403914333,-1.84109575571546,-2.4695998727475867,-2.116411345454865,300000.0,0,294672.8470433374
noah-atubolu,1.0,28,3,82,,-,01/07/2021,,0.0997039943933291,-0.7662267180980222,2.9492837053893504,2.743393627261284,2.766606195085872,2.6307225674938204,2.7214282225811823,0.1458917083418399,-2.062546448276137,-2.930759838327427,-1.9898026995648217,2.7214282225811823,-2.0236789359006573,0.9413757726215664,-2.214780757651736,15000000.0,1,5489649.171889542
florian-muller,1.0,5,3,82,,-,01/07/2023,-0.5647678072352618,-0.4195876430719326,-1.0020823211023655,2.7446561228438577,2.8850614184017136,2.6218351839006253,2.4805549796414046,2.475809592445647,-0.2456354192453958,-1.9242450968128373,-2.378431014929941,-1.8912794065024987,2.475809592445647,-1.8867415507617589,-0.8644348631621029,-2.214780757651736,1200000.0,1,2934678.6935870685
jannik-huth,1.0,5,3,82,,-,01/07/2024,-0.6499513910853107,-0.9388792805371944,-0.7662267180980222,2.898126809752977,2.507280642027234,2.57357818017221,2.330387391788989,2.4266858664185404,-0.6371625468326316,-1.8320441958373044,-2.378431014929941,-1.6449711738466917,2.4266858664185404,-1.6585125755302617,-1.8676629941530305,-1.9688572271595584,400000.0,0,424460.2724820435
michael-zetterer,1.0,5,3,85,,30/06/2027,27/01/2015,,0.2728012068817497,-0.3731340464241162,3.256225079207589,2.790616224308094,2.8148631988142867,2.680778430111292,2.7214282225811823,0.5374188359290758,-1.8320441958373044,-2.1022666032311985,-1.5957095273155304,2.7214282225811823,-1.6585125755302617,-0.2624979845675464,-1.9688572271595584,4500000.0,1,3826746.323491552
markus-kolke,1.0,5,3,85,,-,01/07/2024,-0.657695353253497,-0.9388792805371944,-1.5524120614458343,2.233087166480126,2.507280642027234,2.5253211764437946,2.4304991170239325,2.5249333184727543,-0.506653504303553,-1.970345547300604,-2.709828308968433,-1.3986629411908846,2.5249333184727543,-1.704158370576561,-1.8676629941530305,-2.214780757651736,300000.0,0,408096.5216666488
mio-backhaus,1.0,25,3,85,,-,12/07/2022,-0.6034876180761931,-1.2850737055140355,-1.5524120614458343,2.233087166480126,2.4600580449804244,2.380550165258549,2.280331529171517,2.3775621403914333,-0.7676715893617102,-2.2008477997394365,-2.599362544288936,-1.9898026995648217,2.3775621403914333,-2.0236789359006573,0.5400845202251955,-2.214780757651736,2000000.0,0,632923.809208985
Frederik Riis Rønnow,22.0,96,3,1,14.0,-,20/07/2021,,0.965190056835432,-1.0807008554371471,2.642342331571111,3.026729209542143,3.007891213727948,3.131281193668539,2.967046852716717,0.5374188359290758,-1.878144646325071,-3.0412256030069247,-2.039064346095983,2.967046852716717,-1.9780331408543577,0.33943889402701,-2.116411345454865,4000000.0,1,4546709.154544157
alexander-schwolow,1.0,5,3,1,,30/06/2025,26/07/2023,,-0.7657820680487738,-1.4737935271110532,2.335400957752872,2.6017258361208544,2.6218351839006253,2.230275666554045,2.5740570444998614,-0.2456354192453958,-1.785943745349538,-2.4336638972696902,-1.8420177599713368,2.5740570444998614,-1.84109575571546,-1.6670173679548448,-2.362334875947042,700000.0,0,465507.1088048039
carl-klaus,1.0,5,3,1,2.0,-,28/07/2024,-0.6538233721694039,-1.2850737055140355,-1.2379379241067094,2.488871644661992,2.4600580449804244,2.380550165258549,2.5806667048763483,2.328438414364326,-2.594798184768811,-2.1086468987639035,-3.096458485346673,-1.94054105303366,2.328438414364326,-2.0693247309469567,-2.2689542465494013,-2.313150169848607,350000.0,0,221309.0853288357
oliver-baumann,1.0,5,3,93,14.0,30/06/2026,01/07/2014,,1.4844816943006938,-0.5303711150936786,3.10275439229847,3.073951806588953,3.1526622249131946,3.1813370562860106,3.065294304770932,1.3204730911035474,-1.878144646325071,-2.765061191308181,-1.8420177599713368,3.065294304770932,-1.8867415507617589,0.9413757726215664,-2.116411345454865,3000000.0,1,5554946.650925568
robin-zentner,1.0,5,3,2,14.0,30/06/2028,01/07/2014,,0.6189956318585909,-1.7096491301153969,2.1307733752073794,3.073951806588953,3.0561482174563634,2.830946017963708,2.672304496554076,0.6679278784581544,-1.878144646325071,-2.82029407364793,-1.6449711738466917,2.672304496554076,-1.749804165622861,-0.0618523583693609,-1.9688572271595584,4000000.0,1,3558203.1546851043
daniel-batz,1.0,5,3,2,,30/06/2026,01/07/2023,-0.6538233721694039,-0.7657820680487738,-1.2379379241067094,2.488871644661992,2.5545032390740445,2.5253211764437946,2.5306108422588767,2.5740570444998614,-0.7676715893617102,-1.9242450968128373,-2.4336638972696902,-1.792756113440176,2.5740570444998614,-1.8867415507617589,-1.6670173679548448,-2.018041933257994,350000.0,0,459408.63046432403
Nediljko Labrović,21.0,93,3,35,,30/06/2029,01/07/2024,-0.3324489421896738,-0.246490430583512,-1.4737935271110532,2.335400957752872,2.743393627261284,2.6700921876290407,2.5306108422588767,2.7214282225811823,-0.2456354192453958,-2.1086468987639035,-2.544129661949188,-2.039064346095983,2.7214282225811823,-1.9780331408543577,-0.4631436107657319,-2.214780757651736,3000000.0,1,3485047.546911861
daniel-klein,1.0,5,3,35,,30/06/2026,02/07/2021,-0.6693112965057764,-2.323656980444559,-1.866886198784959,1.97730268829826,2.129499865652756,2.0910081428880565,2.0801080787016297,1.984572332174577,-1.9422529721234176,-2.2008477997394365,-2.930759838327427,-2.088325992627144,1.984572332174577,-2.0236789359006573,-1.8676629941530305,-2.313150169848607,150000.0,0,155377.26208555547
timo-horn,1.0,5,3,105,7.0,30/06/2026,01/08/2024,-0.5879996937398206,-0.246490430583512,-1.7096491301153969,2.079616479571006,2.6017258361208544,2.718349191357456,2.9310577431986515,2.475809592445647,0.5374188359290758,-1.693742844374005,-2.488896779609439,-1.6942328203778532,2.475809592445647,-1.79544996066916,-1.0650804893602883,-1.870487814962688,800000.0,1,1837619.2589776036
patrick-drewes,1.0,5,3,105,11.0,30/06/2026,01/07/2024,-0.6344634667489382,-0.246490430583512,-1.2379379241067094,2.540028540298365,2.696171030214474,2.718349191357456,2.680778430111292,2.6231807705269685,-0.3761444617744744,-1.9242450968128373,-2.709828308968433,-1.6449711738466917,2.6231807705269685,-1.749804165622861,-1.0650804893602883,-2.0672266393564294,800000.0,1,2371722.1522970605
paul-grave,1.0,5,3,105,,30/06/2025,01/07/2019,-0.6770552586739627,-3.3622402553750823,-2.181360336124084,1.670361314480021,2.035054671559136,1.801466120517564,1.9299404908492144,1.837201154093256,-4.421924780175911,-2.062546448276137,-2.82029407364793,-1.9898026995648217,1.837201154093256,-2.0693247309469567,-3.071536751342143,-2.214780757651736,50000.0,0,95384.95142279909
kevin-muller,1.0,5,3,0,,30/06/2027,01/07/2015,,-0.0733932180950914,-1.0807008554371471,2.642342331571111,2.790616224308094,2.57357818017221,2.680778430111292,2.770551948608289,0.0153826658127613,-1.785943745349538,-2.709828308968433,-1.8420177599713368,2.770551948608289,-1.79544996066916,-0.8644348631621029,-2.214780757651736,1000000.0,1,2707568.7444967283
vitus-eicher,1.0,5,3,0,2.0,30/06/2025,17/01/2017,-0.6615673343375902,-1.458170918002456,-1.6310305957806157,2.1819302708437527,2.3656128508868046,2.332293161530133,2.380443254406461,2.3775621403914333,-2.333780099710653,-1.8320441958373044,-2.378431014929941,-1.3986629411908846,2.3775621403914333,-1.704158370576561,-2.4695998727475867,-2.214780757651736,250000.0,0,219147.2278049629
frank-feller,1.0,5,3,0,,30/06/2029,01/07/2023,,-1.1119764930256149,-1.0807008554371471,2.642342331571111,2.3656128508868046,2.6700921876290407,2.5806667048763483,2.672304496554076,-3.769379567530518,-2.2008477997394365,-2.709828308968433,-2.039064346095983,2.672304496554076,-2.0693247309469567,-0.2624979845675464,-2.214780757651736,500000.0,0,418906.57336900535
paul-tschernuth,6.0,50,3,0,2.0,30/06/2027,01/07/2021,,-2.6698514054214,-1.6310305957806157,2.1819302708437527,1.9878320745123257,2.042751139159641,2.180219803936573,1.984572332174577,-4.030397652588675,-2.062546448276137,-2.599362544288936,-1.8912794065024987,1.984572332174577,-2.0236789359006573,-1.8676629941530305,-2.2639654637501714,100000.0,0,105310.74188743375
nikola-vasilj,7.0,56,3,38,,-,01/07/2021,,-0.0733932180950914,-1.3165564584414906,2.4377147490256186,2.743393627261284,2.6700921876290407,2.6307225674938204,2.8196756746353966,-0.1151263767163172,-2.15474734925167,-2.488896779609439,-2.088325992627144,2.8196756746353966,-1.9780331408543577,-0.6637892369639175,-2.313150169848607,3000000.0,1,3328220.5357537414
eric-oelschlagel,1.0,5,3,38,,-,23/10/2024,-0.6538233721694039,-1.458170918002456,-1.866886198784959,1.97730268829826,2.3656128508868046,2.428807168986964,2.230275666554045,2.279314688337219,-1.0286896744198677,-2.01644599778837,-2.4336638972696902,-1.8912794065024987,2.279314688337219,-1.84109575571546,-2.2689542465494013,-2.116411345454865,300000.0,0,294483.70565181377
soren-ahlers,1.0,5,3,38,,-,31/08/2021,,-2.6698514054214,-1.5524120614458343,2.233087166480126,2.0822772686059454,2.042751139159641,2.0300522160841576,2.082819784228791,-3.63887052500144,-2.2008477997394365,-3.096458485346673,-2.1375876391583057,2.082819784228791,-2.1606163210395555,-3.071536751342143,-2.2639654637501714,50000.0,0,53463.67470543319
thomas-dahne,1.0,5,3,46,,30/06/2026,01/07/2020,,-1.1119764930256149,-1.2379379241067094,2.540028540298365,2.5545032390740445,2.57357818017221,2.380443254406461,2.230190962310112,-0.8981806318907889,-1.5554414929107054,-2.3231981325901927,-1.5957095273155304,2.230190962310112,-1.749804165622861,-2.068308620351216,-2.116411345454865,400000.0,0,383837.4570653737
marcel-engelhardt,1.0,5,3,46,,-,01/07/2023,-0.6673753059637298,-1.8043653429792967,-1.5524120614458343,2.233087166480126,2.3183902538399948,2.47706417271538,2.0300522160841576,2.279314688337219,-2.333780099710653,-1.785943745349538,-2.6545954266286844,-1.7434944669090149,2.279314688337219,-1.79544996066916,-2.8708911251439577,-1.9196725210611232,175000.0,0,144024.6433050938
gianluigi-donnarumma,53.0,224,3,65,14.0,30/06/2026,14/07/2021,,2.176870544254376,-1.0020823211023655,2.6934992272074845,3.3572873888698123,3.490461251012102,3.2814487815209543,3.310912934906467,1.3204730911035474,-1.6476423938862383,-2.04703372089145,-1.9898026995648217,3.310912934906467,-1.84109575571546,2.1452495298106795,-2.214780757651736,35000000.0,2,25439028.6917894
Arnau Tenas Ureña,28.0,113,3,65,,30/06/2026,30/07/2023,-0.2937291313487425,-0.0733932180950914,-0.4517525807588974,3.2050681835712163,2.790616224308094,2.6700921876290407,2.6307225674938204,2.672304496554076,0.0153826658127613,-2.062546448276137,-1.770869309192707,-2.1375876391583057,2.672304496554076,-2.1606163210395555,0.33943889402701,-2.116411345454865,4000000.0,1,5245817.376643341
geronimo-rulli,5.0,46,3,62,,30/06/2027,11/08/2024,-0.2937291313487425,1.1382872693238526,-0.4517525807588974,3.2050681835712163,3.073951806588953,3.0561482174563634,2.9310577431986515,3.065294304770932,0.9289459635163116,-1.693742844374005,-2.8755269559876786,-1.5957095273155304,3.065294304770932,-1.704158370576561,0.5400845202251955,-2.214780757651736,8000000.0,1,4926993.254557581
jeffrey-de-lange,69.0,275,3,62,14.0,30/06/2027,08/08/2024,-0.4486083747124678,-0.246490430583512,-0.7662267180980222,2.898126809752977,2.6017258361208544,2.6700921876290407,2.5806667048763483,2.7214282225811823,-0.2456354192453958,-2.246948250227203,-2.8755269559876786,-2.1375876391583057,2.7214282225811823,-2.114970525993256,-0.4631436107657319,-2.1655960515533006,2500000.0,1,3548827.9651342174
Rubén Blanco Veiga,28.0,113,3,62,,30/06/2026,30/07/2023,-0.3711687530306051,-0.0733932180950914,-0.8448452524328034,2.8469699141166043,2.6489484331676643,2.9113772062711174,2.730834292728764,2.5740570444998614,-0.7676715893617102,-1.785943745349538,-3.1516913676864218,-1.447924587722046,2.5740570444998614,-1.5672209854376629,-0.4631436107657319,-1.9196725210611232,1500000.0,1,3142682.3207765967
lucas-chevalier,32.0,140,3,50,14.0,30/06/2027,01/07/2020,-0.4873281855533991,1.311384481812273,-0.8448452524328034,2.8469699141166043,3.168397000682573,3.1044052211847792,3.081225331051067,3.065294304770932,0.9289459635163116,-2.1086468987639035,-2.765061191308181,-1.94054105303366,3.065294304770932,-1.9780331408543577,1.9446039036124936,-2.214780757651736,30000000.0,2,24035676.698971618
vito-mannone,53.0,224,3,50,,30/06/2025,29/08/2023,-0.6654393154216833,-0.4195876430719326,-1.1593193897719285,2.591185435934738,2.6017258361208544,2.428807168986964,2.5806667048763483,2.770551948608289,-0.2456354192453958,-1.9242450968128373,-2.378431014929941,-1.6449711738466917,2.770551948608289,-1.6585125755302617,-1.2657261155584738,-2.2639654637501714,200000.0,1,2208825.2933909865
marc-aurele-caillard,32.0,140,3,50,,30/06/2025,30/08/2024,-0.6654393154216833,-1.2850737055140355,-1.3165564584414906,2.4377147490256186,2.3656128508868046,2.380550165258549,2.4304991170239325,2.475809592445647,-1.420216802007103,-1.878144646325071,-2.378431014929941,-1.9898026995648217,2.475809592445647,-1.9780331408543577,-2.2689542465494013,-2.1655960515533006,150000.0,0,311780.73136936285
Lucas Estella Perri,8.0,63,3,61,14.0,30/06/2028,05/01/2024,-0.0614102663031544,1.1382872693238526,-0.5303711150936786,3.153911287934843,3.026729209542143,3.007891213727948,3.081225331051067,3.065294304770932,0.6679278784581544,-1.878144646325071,-2.930759838327427,-1.6449711738466917,3.065294304770932,-1.8867415507617589,1.342667025017937,-1.870487814962688,10000000.0,1,6049647.855966039
remy-descamps,32.0,140,3,61,,30/06/2027,23/08/2024,-0.5647678072352618,-0.246490430583512,-1.3165564584414906,2.4377147490256186,2.743393627261284,2.718349191357456,2.5306108422588767,2.7214282225811823,-0.3761444617744744,-2.2008477997394365,-2.8755269559876786,-2.088325992627144,2.7214282225811823,-1.9780331408543577,-0.8644348631621029,-2.313150169848607,1500000.0,1,2907625.2551964386
lassine-diarra,59.0,249,3,60,,30/06/2027,04/11/2023,-0.6789912492160093,-2.1505597679561386,-1.7096491301153969,2.079616479571006,2.129499865652756,2.139265146616472,2.1301639413191014,2.131943510255898,-1.5507258445361818,-2.2008477997394365,-2.765061191308181,-1.9898026995648217,2.131943510255898,-1.9780331408543577,-1.2657261155584738,-2.116411345454865,25000.0,0,295747.59222623345
Philipp François Köhn,1.0,336,3,7,,30/06/2028,15/07/2023,-0.3324489421896738,0.2728012068817497,-1.1593193897719285,2.591185435934738,2.790616224308094,2.8148631988142867,2.780890155346236,2.770551948608289,0.2764007508709185,-2.15474734925167,-2.157499485570947,-2.088325992627144,2.770551948608289,-2.0236789359006573,0.33943889402701,-2.2639654637501714,4000000.0,1,4933417.94580283
Radosław Majecki,71.0,289,3,7,,30/06/2028,29/01/2020,-0.5260479963943305,0.4458984193701703,-1.0020823211023655,2.7446561228438577,2.837838821354904,2.863120202542702,2.8810018805811795,2.868799400662504,0.2764007508709185,-1.7398432948617717,-2.157499485570947,-1.447924587722046,2.868799400662504,-1.5215751903913637,0.740730146423381,-2.214780757651736,7000000.0,1,5291218.253433562
Marcin Bułka,71.0,289,3,59,,30/06/2026,01/07/2022,-0.5260479963943305,0.7920928443470114,-1.0020823211023655,2.7446561228438577,2.9795066124953333,2.9596342099995328,2.9310577431986515,3.0161705787438247,0.1458917083418399,-2.15474734925167,-2.8755269559876786,-2.1375876391583057,3.0161705787438247,-2.0236789359006573,1.342667025017937,-2.214780757651736,20000000.0,2,22367192.19817683
maxime-dupe,32.0,140,3,59,,30/06/2026,28/01/2024,-0.5260479963943305,-0.0733932180950914,-0.9234637867675848,2.795813018480231,2.6489484331676643,2.8148631988142867,2.780890155346236,2.6231807705269685,-0.7676715893617102,-1.970345547300604,-2.488896779609439,-1.8912794065024987,2.6231807705269685,-1.9323873458080585,-0.8644348631621029,-2.313150169848607,1200000.0,1,3226717.2585529787
Brice Lauriche Samba,17.0,148,3,91,7.0,30/06/2029,08/01/2025,0.4806670854698842,1.311384481812273,-0.4517525807588974,3.2050681835712163,3.121174403635763,2.9596342099995328,3.2814487815209543,3.114418030798039,1.0594550060453902,-2.01644599778837,-2.488896779609439,-1.7434944669090149,3.114418030798039,-1.9780331408543577,0.740730146423381,-2.313150169848607,15000000.0,2,23099481.730055284
steve-mandanda,97.0,168,3,91,7.0,30/06/2025,06/07/2022,-0.5647678072352618,0.2728012068817497,-0.7662267180980222,2.898126809752977,2.790616224308094,2.6218351839006253,2.8810018805811795,2.917923126689611,0.5374188359290758,-2.15474734925167,-2.212732367910696,-1.7434944669090149,2.917923126689611,-1.79544996066916,-0.4631436107657319,-2.116411345454865,700000.0,1,3566765.2426743917
geoffrey-lembet,32.0,306,3,91,,30/06/2025,18/07/2023,-0.6693112965057764,-1.6312681304908767,-1.4737935271110532,2.284244062116499,2.507280642027234,2.332293161530133,2.0801080787016297,2.328438414364326,-2.7253072272978893,-1.8320441958373044,-2.6545954266286844,-1.6449711738466917,2.328438414364326,-1.704158370576561,-2.670245498945772,-2.1655960515533006,150000.0,0,156313.407835737
gauthier-gallon,32.0,140,3,91,,30/06/2027,05/07/2023,-0.5260479963943305,-0.246490430583512,-0.9234637867675848,2.795813018480231,2.696171030214474,2.718349191357456,2.680778430111292,2.7214282225811823,-0.7676715893617102,-1.785943745349538,-2.709828308968433,-1.5957095273155304,2.7214282225811823,-1.749804165622861,-1.0650804893602883,-2.214780757651736,1000000.0,1,2646274.403194458
Doğan Alemdar,88.0,349,3,91,,30/06/2027,27/08/2021,-0.4873281855533991,-0.7657820680487738,-1.0807008554371471,2.642342331571111,2.4128354479336145,2.5253211764437946,2.5806667048763483,2.6231807705269685,-0.7676715893617102,-2.246948250227203,-2.82029407364793,-1.9898026995648217,2.6231807705269685,-2.0693247309469567,-0.4631436107657319,-2.116411345454865,2000000.0,0,587437.9483496739
marco-bizot,69.0,275,3,90,,30/06/2026,04/08/2021,,0.7920928443470114,-0.9234637867675848,2.795813018480231,2.9322840154485235,2.9596342099995328,2.9310577431986515,3.0161705787438247,0.5374188359290758,-1.8320441958373044,-1.9365679562119529,-1.7434944669090149,3.0161705787438247,-1.704158370576561,0.1387932678288245,-1.821303108864252,3500000.0,1,4530413.429031418
gregoire-coudert,32.0,140,3,90,,30/06/2027,05/07/2021,,-1.458170918002456,-1.7096491301153969,2.1307733752073794,2.3656128508868046,2.428807168986964,2.330387391788989,2.230190962310112,-1.1591987169489462,-2.1086468987639035,-2.8755269559876786,-2.088325992627144,2.230190962310112,-2.0693247309469567,-1.6670173679548448,-2.313150169848607,400000.0,0,349299.9938486173
noah-jauny,48.0,216,3,90,,30/06/2025,01/07/2024,,-2.842948617909821,-2.181360336124084,1.721518210116394,2.035054671559136,2.2357791540733025,1.8298287656142704,1.8863248801203627,-3.769379567530518,-2.2008477997394365,-2.930759838327427,-2.039064346095983,1.8863248801203627,-1.9780331408543577,-1.4663717417566593,-2.214780757651736,0.0,0,105456.89789957192
Денис Петрић,95.0,112,3,70,,30/06/2025,06/08/2024,-0.6731832775898695,-1.2850737055140355,-1.6310305957806157,2.1819302708437527,2.4600580449804244,2.380550165258549,2.180219803936573,2.5249333184727543,-0.6371625468326316,-1.8320441958373044,-2.544129661949188,-1.5957095273155304,2.5249333184727543,-1.84109575571546,-2.2689542465494013,-2.2639654637501714,100000.0,0,333549.34245820553
hugo-barbet,32.0,140,3,37,,30/06/2026,06/07/2023,-0.6615673343375902,-2.323656980444559,-1.7096491301153969,2.1307733752073794,2.176722462699565,2.139265146616472,2.0300522160841576,1.9354486061474696,-1.9422529721234176,-2.2008477997394365,-2.6545954266286844,-2.1375876391583057,1.9354486061474696,-2.0693247309469567,-2.068308620351216,-2.313150169848607,100000.0,0,148038.86534419982
alban-lafont,9.0,144,3,37,,30/06/2027,01/07/2021,,0.0997039943933291,-1.0807008554371471,2.642342331571111,2.9795066124953333,2.57357818017221,2.6307225674938204,2.868799400662504,-0.3761444617744744,-2.062546448276137,-3.1516913676864218,-1.94054105303366,2.868799400662504,-2.114970525993256,-0.2624979845675464,-2.1655960515533006,4000000.0,1,3748224.459386416
karl-johan-johnsson,85.0,327,3,74,,30/06/2026,16/08/2024,,-0.9388792805371944,-1.2379379241067094,2.540028540298365,2.4128354479336145,2.428807168986964,2.4805549796414046,2.5740570444998614,-1.0286896744198677,-1.8320441958373044,-2.544129661949188,-1.4971862342532076,2.5740570444998614,-1.84109575571546,-1.8676629941530305,-2.0672266393564294,400000.0,0,405395.33623684756
علاء بلعروش,60.0,252,3,74,,30/06/2027,01/07/2022,-0.6654393154216833,-1.1119764930256149,-1.0020823211023655,2.6934992272074845,2.4128354479336145,2.57357818017221,2.280331529171517,2.475809592445647,-1.420216802007103,-2.062546448276137,-2.544129661949188,-2.1375876391583057,2.475809592445647,-2.114970525993256,-0.6637892369639175,-2.313150169848607,500000.0,0,534917.400836663
guillaume-restes,32.0,149,3,96,14.0,30/06/2028,01/07/2023,,0.6189956318585909,-0.4517525807588974,3.2050681835712163,2.9322840154485235,2.9113772062711174,2.830946017963708,2.917923126689611,0.0153826658127613,-2.15474734925167,-2.765061191308181,-2.039064346095983,2.917923126689611,-1.9780331408543577,1.9446039036124936,-1.9688572271595584,20000000.0,2,22020488.016949132
justin-lacombe,32.0,140,3,96,,30/06/2026,01/07/2023,,-1.9774625554677177,-1.4737935271110532,2.284244062116499,2.3183902538399948,2.187522150344887,2.230275666554045,2.230190962310112,-3.508361482472361,-2.246948250227203,-2.985992720667176,-2.1375876391583057,2.230190962310112,-2.1606163210395555,-1.4663717417566593,-2.214780757651736,50000.0,0,175532.57680434978
benjamin-lecomte,32.0,140,3,56,,30/06/2027,26/01/2023,-0.3711687530306051,0.0997039943933291,-0.7662267180980222,2.9492837053893504,2.743393627261284,2.8148631988142867,2.730834292728764,2.7214282225811823,-0.1151263767163172,-2.01644599778837,-2.4336638972696902,-1.8912794065024987,2.7214282225811823,-1.8867415507617589,-0.6637892369639175,-2.1655960515533006,2000000.0,1,3389751.2130294684
dimitry-bertaud,32.0,304,3,56,11.0,30/06/2025,01/07/2017,,-0.246490430583512,-0.9234637867675848,2.795813018480231,2.6017258361208544,2.718349191357456,2.5806667048763483,2.7214282225811823,-0.3761444617744744,-1.601541943398472,-2.3231981325901927,-1.447924587722046,2.7214282225811823,-1.704158370576561,-0.2624979845675464,-2.116411345454865,1200000.0,1,3742812.8185805785
Belmin Dizdarević,7.0,53,3,56,8.0,30/06/2028,07/07/2023,-0.6654393154216833,-2.323656980444559,-1.866886198784959,1.97730268829826,2.271167656793185,2.187522150344887,2.0300522160841576,2.1810672362830053,-4.030397652588675,-2.2008477997394365,-3.0412256030069247,-2.088325992627144,2.1810672362830053,-2.114970525993256,-1.6670173679548448,-2.2639654637501714,150000.0,0,121877.79075477784
alexandre-olliero,32.0,140,3,92,,30/06/2026,31/01/2023,-0.626719504580752,-1.1119764930256149,-1.2379379241067094,2.488871644661992,2.4600580449804244,2.428807168986964,2.280331529171517,2.4266858664185404,-1.0286896744198677,-1.693742844374005,-2.157499485570947,-1.3986629411908846,2.4266858664185404,-1.6128667804839625,-1.6670173679548448,-2.0672266393564294,300000.0,0,429285.7230032468
ludovic-butelle,32.0,140,3,92,14.0,30/06/2025,01/07/2023,-0.6731832775898695,-1.6312681304908767,-1.4737935271110532,2.284244062116499,2.176722462699565,2.187522150344887,2.4805549796414046,2.4266858664185404,-1.6812348870652605,-1.9242450968128373,-2.4336638972696902,-1.792756113440176,2.4266858664185404,-1.8867415507617589,-2.670245498945772,-2.2639654637501714,100000.0,0,212712.13972654776
raphael-adiceam,32.0,140,3,6,,30/06/2025,21/09/2023,-0.6693112965057764,-2.6698514054214,-1.7882676644501778,2.0284595839346333,1.893386880418706,2.139265146616472,2.1301639413191014,2.082819784228791,-3.63887052500144,-2.246948250227203,-2.930759838327427,-1.94054105303366,2.082819784228791,-2.114970525993256,-3.874119256134885,-2.214780757651736,50000.0,0,87842.01487620873
tom-negrel,32.0,140,3,6,,30/06/2026,10/07/2024,,-2.6698514054214,-1.6310305957806157,2.1819302708437527,2.0822772686059454,1.8497231242459795,1.979996353466686,2.131943510255898,-2.9863253123560463,-2.062546448276137,-3.096458485346673,-2.1375876391583057,2.131943510255898,-2.2519079111321543,-1.6670173679548448,-2.2639654637501714,0.0,0,102725.55414310918
mathieu-gorgelin,32.0,140,3,51,,30/06/2025,01/07/2019,,-0.5926848555603532,-1.1593193897719285,2.591185435934738,2.507280642027234,2.428807168986964,2.5806667048763483,2.6231807705269685,-0.2456354192453958,-1.7398432948617717,-2.930759838327427,-1.8912794065024987,2.6231807705269685,-1.79544996066916,-1.4663717417566593,-2.2639654637501714,200000.0,0,483016.35229064024
arthur-desmas,32.0,140,3,51,,30/06/2025,01/07/2022,-0.5879996937398206,-0.4195876430719326,-1.0020823211023655,2.6934992272074845,2.6489484331676643,2.6700921876290407,2.5806667048763483,2.5740570444998614,-0.2456354192453958,-1.693742844374005,-2.6545954266286844,-1.6942328203778532,2.5740570444998614,-1.5672209854376629,-1.2657261155584738,-1.9196725210611232,1500000.0,1,1897257.1004235009
gautier-larsonneur,32.0,140,3,9,,30/06/2026,06/01/2023,-0.4486083747124678,-0.0733932180950914,-0.9234637867675848,2.795813018480231,2.696171030214474,2.6218351839006253,2.730834292728764,2.7214282225811823,-0.2456354192453958,-1.9242450968128373,-2.378431014929941,-1.3986629411908846,2.7214282225811823,-1.5215751903913637,-0.4631436107657319,-1.9196725210611232,3500000.0,1,3311382.274043434
brice-maubleu,32.0,140,3,9,,30/06/2026,21/08/2024,-0.6538233721694039,-0.7657820680487738,-1.2379379241067094,2.488871644661992,2.507280642027234,2.47706417271538,2.4805549796414046,2.5740570444998614,-0.6371625468326316,-1.693742844374005,-2.930759838327427,-1.6449711738466917,2.5740570444998614,-1.79544996066916,-1.6670173679548448,-2.214780757651736,300000.0,0,443406.1519638017
boubacar-fall,81.0,312,3,9,,30/06/2025,05/01/2021,,-1.9774625554677177,-1.4737935271110532,2.335400957752872,2.223945059746375,2.2357791540733025,2.280331529171517,2.131943510255898,-2.855816269826968,-2.15474734925167,-3.096458485346673,-1.94054105303366,2.131943510255898,-2.0236789359006573,-1.6670173679548448,-2.214780757651736,100000.0,0,169455.10361348203
yahia-fofana,32.0,90,3,10,,30/06/2026,01/07/2022,-0.5260479963943305,0.0997039943933291,-1.0807008554371471,2.642342331571111,2.837838821354904,2.863120202542702,2.6307225674938204,2.7214282225811823,-0.3761444617744744,-2.2008477997394365,-3.0412256030069247,-2.088325992627144,2.7214282225811823,-2.1606163210395555,0.33943889402701,-2.2639654637501714,6000000.0,1,4785801.547108969
melvin-zinga,32.0,86,3,10,,30/06/2026,01/07/2022,,-1.6312681304908767,-1.0807008554371471,2.642342331571111,2.4128354479336145,2.284036157801718,2.4805549796414046,2.279314688337219,-3.377852439943282,-2.246948250227203,-2.709828308968433,-2.088325992627144,2.279314688337219,-2.0693247309469567,-1.0650804893602883,-2.116411345454865,250000.0,0,292575.96856148366
